<?xml version="1.0" encoding="UTF-8"?>
<clinical_study rank="138">
  <!-- This xml conforms to an XML Schema at:
    https://clinicaltrials.gov/ct2/html/images/info/public.xsd -->
  <required_header>
    <download_date>ClinicalTrials.gov processed this data on April 23, 2021</download_date>
    <link_text>Link to the current ClinicalTrials.gov record.</link_text>
    <url>https://clinicaltrials.gov/show/NCT04390178</url>
  </required_header>
  <id_info>
    <org_study_id>CP1</org_study_id>
    <nct_id>NCT04390178</nct_id>
  </id_info>
  <brief_title>Convalescent Plasma as Treatment for Acute Coronavirus Disease (COVID-19)</brief_title>
  <official_title>Plasma From Individuals Who Have Recovered From Severe Acute Respiratory Syndrome Coronavirus 2 (SARS-CoV-2) Infection as Treatment for Acute COVID-19 Disease</official_title>
  <sponsors>
    <lead_sponsor>
      <agency>Joakim Dillner</agency>
      <agency_class>Other</agency_class>
    </lead_sponsor>
    <collaborator>
      <agency>Danderyd Hospital</agency>
      <agency_class>Other</agency_class>
    </collaborator>
    <collaborator>
      <agency>Karolinska Institutet</agency>
      <agency_class>Other</agency_class>
    </collaborator>
    <collaborator>
      <agency>Karolinska University Hospital</agency>
      <agency_class>Other</agency_class>
    </collaborator>
  </sponsors>
  <source>Karolinska University Hospital</source>
  <oversight_info>
    <has_dmc>Yes</has_dmc>
    <is_fda_regulated_drug>No</is_fda_regulated_drug>
    <is_fda_regulated_device>No</is_fda_regulated_device>
  </oversight_info>
  <brief_summary>
    <textblock>
      There is currently no effective treatment for COVID-19 except best supportive care. The aim&#xD;
      is assess the safety, tolerability and efficacy of convalescent plasma for treatment of&#xD;
      patients with varying degrees of COVID-19 illness. Convalescent plasma has been shown to be&#xD;
      safe and effective for treatment of several diseases. Preliminary data indicates that it is&#xD;
      safe and effective for treatment of COVID-19. However, data is limited to small studies and&#xD;
      case series on severely ill patients. The proposed study assesses the safety and efficacy&#xD;
      earlier in the course of illness, in slightly less severe patients with the possibility of&#xD;
      detecting less severe adverse events and the potential for early treatment to hinder the&#xD;
      development of severe disease. Plasma is collected from consenting donors who have recovered&#xD;
      from SARS-CoV-2.&#xD;
    </textblock>
  </brief_summary>
  <overall_status>Active, not recruiting</overall_status>
  <start_date type="Actual">April 10, 2020</start_date>
  <completion_date type="Anticipated">December 2020</completion_date>
  <primary_completion_date type="Anticipated">June 2020</primary_completion_date>
  <phase>Phase 1/Phase 2</phase>
  <study_type>Interventional</study_type>
  <has_expanded_access>No</has_expanded_access>
  <study_design_info>
    <allocation>N/A</allocation>
    <intervention_model>Single Group Assignment</intervention_model>
    <intervention_model_description>An open, non-randomised controlled, clinical trial</intervention_model_description>
    <primary_purpose>Treatment</primary_purpose>
    <masking>None (Open Label)</masking>
  </study_design_info>
  <primary_outcome>
    <measure>Disease progression</measure>
    <time_frame>28 days</time_frame>
    <description>Decrease in progression to requiring non-invasive or invasive ventilation</description>
  </primary_outcome>
  <secondary_outcome>
    <measure>Adverse events (AE)</measure>
    <time_frame>The reporting period for AEs starts at inclusion and ends at the final follow-up visit 2 months after inclusion.</time_frame>
    <description>Adverse reactions and serious adverse reactions. The safety of the intervention will be assessed with regard to AEs, baseline medical conditions, and findings from the physical examination and laboratory tests. Possible adverse events will be elicited using a modification and Swedish translation (appendix 6) of Common Terminology Criteria for Adverse Events v5.0 and they will be continuously reported to the sponsor. Adverse events related to convalescent plasma therapy shall be followed to assess reversibility.</description>
  </secondary_outcome>
  <secondary_outcome>
    <measure>Time ro resolution of fever and symptoms</measure>
    <time_frame>Until discharged from the hospital, up to 2 months</time_frame>
    <description>Measured daily until discharged from the hospital.</description>
  </secondary_outcome>
  <secondary_outcome>
    <measure>Clearance of viraemia</measure>
    <time_frame>Evaluated daily until discharge, at day 28, and last measurement taken at 6 months of follow-up after inclusion.</time_frame>
    <description>SARS-CoV-2 RNA detection by polymerase chain reaction (PCR) in blood or serum. Blood samples for immunological analyses and serology will be taken daily until discharge, on day 28, and at 6 months.</description>
  </secondary_outcome>
  <secondary_outcome>
    <measure>Inflammatory parameters</measure>
    <time_frame>Until discharged from the hospital, up to 2 months</time_frame>
    <description>Time to normalization of inflammatory parameters. The markers that will be monitored are the following: C-reactive protein (CRP), white blood cell count (WBC), haemoglobin (Hb), Pro-calcitonin, and Creatine Kinase. Blood samples for these markers will be taken daily until normalized or discharged from hospital.</description>
  </secondary_outcome>
  <secondary_outcome>
    <measure>Antibody response to SARS-CoV-2</measure>
    <time_frame>Evaluated daily until discharge, at day 28, and last measurement taken at 6 months of follow-up after inclusion.</time_frame>
    <description>Change in the antibody response to SARS-CoV-2 as measured in serum. Blood samples for immunological analyses and serology will be taken daily until discharge, on day 28, and at 6 months.</description>
  </secondary_outcome>
  <number_of_arms>1</number_of_arms>
  <enrollment type="Actual">10</enrollment>
  <condition>COVID-19</condition>
  <arm_group>
    <arm_group_label>Convalescent plasma treatment</arm_group_label>
    <arm_group_type>Experimental</arm_group_type>
    <description>All participants will receive a bag of convalescent plasma. The bag volume will be 180-200 ml. The first 10 patients will receive 1, 5, 10, 50 and 134 ml of plasma at 30 minute intervals while being closely monitored for adverse events, especially allergic reactions. The remaining twenty patients will receive the convalescent plasma as a slow infusion according to normal routines.</description>
  </arm_group>
  <intervention>
    <intervention_type>Biological</intervention_type>
    <intervention_name>SARS-CoV-2 convalescent plasma</intervention_name>
    <description>Treatment with convalescent plasma (180-200ml) from individuals who have recovered from SARS-CoV-2 infection</description>
    <arm_group_label>Convalescent plasma treatment</arm_group_label>
  </intervention>
  <eligibility>
    <criteria>
      <textblock>
        Inclusion Criteria:&#xD;
&#xD;
          -  Age 18 and &lt;81 years&#xD;
&#xD;
          -  Active COVID-19 defined as symptoms + SARS CoV-2 identified from upper or lower airway&#xD;
             samples&#xD;
&#xD;
          -  Fever ≥38.5C, admitted to a study hospital, hypoxemia defined as having a peripheral&#xD;
             oxygen saturation below 93% (measured by pulse oximetry) and a breathing rate of &gt;20&#xD;
             breaths per minute without supplemental oxygen treatment&#xD;
&#xD;
          -  A negative pregnancy test taken before inclusion and use of an acceptable effective&#xD;
             method of contraception until treatment discontinuation if the participant is a woman&#xD;
             of childbearing potential&#xD;
&#xD;
          -  Written informed consent after meeting with a study physician and ability and&#xD;
             willingness to complete follow up.&#xD;
&#xD;
        Exclusion Criteria:&#xD;
&#xD;
          -  No matching plasma donor (exact matching in both the ABO system and the Rh system is&#xD;
             required)&#xD;
&#xD;
          -  Unavailability of plasma&#xD;
&#xD;
          -  Significant growth of alternative lower airway pathogen such as Streptococcus&#xD;
             pneumoniae or Haemophilus influenzae in sputum&#xD;
&#xD;
          -  Disease duration &gt;8 Days&#xD;
&#xD;
          -  Estimated glomerular filtration rate &lt;60 (kidney failure stage III or more)&#xD;
&#xD;
          -  Pregnancy (urinary-hcg), breast feeding,&#xD;
&#xD;
          -  History of severe allergic reactions&#xD;
&#xD;
          -  Inability to give informed consent&#xD;
&#xD;
          -  Significantly compromised immunity.*&#xD;
&#xD;
               -  Compromised immunity includes but is not limited to treatment with major&#xD;
                  immunosuppressive agents including high dose corticosteroids, anti-tumor necrosis&#xD;
                  factor (TNF) agents, calcineurin inhibitors, mTOR inhibitors, lymphocyte&#xD;
                  depleting biological agents, chemotherapeutic anti neoplastic agents. Also&#xD;
                  patients with advanced HIV/AIDS, severe immunodeficiency such as&#xD;
                  hypoglobulinemia, decompensated liver cirrhosis and bone marrow transplant the&#xD;
                  last year will be excluded.&#xD;
      </textblock>
    </criteria>
    <gender>All</gender>
    <minimum_age>18 Years</minimum_age>
    <maximum_age>80 Years</maximum_age>
    <healthy_volunteers>No</healthy_volunteers>
  </eligibility>
  <overall_official>
    <last_name>Johan Ursing, MD, PhD</last_name>
    <role>Principal Investigator</role>
    <affiliation>Danderyd Hospital</affiliation>
  </overall_official>
  <location>
    <facility>
      <name>Danderyd Hospital</name>
      <address>
        <city>Danderyd</city>
        <zip>182 57</zip>
        <country>Sweden</country>
      </address>
    </facility>
  </location>
  <location_countries>
    <country>Sweden</country>
  </location_countries>
  <verification_date>May 2020</verification_date>
  <study_first_submitted>April 10, 2020</study_first_submitted>
  <study_first_submitted_qc>May 13, 2020</study_first_submitted_qc>
  <study_first_posted type="Actual">May 15, 2020</study_first_posted>
  <last_update_submitted>May 13, 2020</last_update_submitted>
  <last_update_submitted_qc>May 13, 2020</last_update_submitted_qc>
  <last_update_posted type="Actual">May 15, 2020</last_update_posted>
  <responsible_party>
    <responsible_party_type>Sponsor-Investigator</responsible_party_type>
    <investigator_affiliation>Karolinska University Hospital</investigator_affiliation>
    <investigator_full_name>Joakim Dillner</investigator_full_name>
    <investigator_title>Professor of Infectious Disease Epidemiology; Director of R&amp;D</investigator_title>
  </responsible_party>
  <keyword>COVID-19 convalescent plasma treatment</keyword>
  <keyword>SARS-CoV-2 infection</keyword>
  <keyword>Safety</keyword>
  <keyword>Effectiveness</keyword>
  <condition_browse>
    <!-- CAUTION:  The following MeSH terms are assigned with an imperfect algorithm            -->
    <mesh_term>Coronavirus Infections</mesh_term>
  </condition_browse>
  <patient_data>
    <sharing_ipd>Yes</sharing_ipd>
    <ipd_description>We will be sharing data but data the management plan is being designed.</ipd_description>
  </patient_data>
  <!-- Results have not yet been posted for this study                                          -->
</clinical_study>

