<?xml version="1.0" encoding="UTF-8"?>
<clinical_study rank="4516">
  <!-- This xml conforms to an XML Schema at:
    https://clinicaltrials.gov/ct2/html/images/info/public.xsd -->
  <required_header>
    <download_date>ClinicalTrials.gov processed this data on April 23, 2021</download_date>
    <link_text>Link to the current ClinicalTrials.gov record.</link_text>
    <url>https://clinicaltrials.gov/show/NCT04666779</url>
  </required_header>
  <id_info>
    <org_study_id>CohortChiroCOVID19</org_study_id>
    <nct_id>NCT04666779</nct_id>
  </id_info>
  <brief_title>Access to Chiropractic Care During the COVID-19 Pandemic</brief_title>
  <official_title>Access to Chiropractic Care During the COVID-19 Pandemic: a Prospective Comparative Cohort Trial</official_title>
  <sponsors>
    <lead_sponsor>
      <agency>Real Centro Universitario Maria Cristina</agency>
      <agency_class>Other</agency_class>
    </lead_sponsor>
    <collaborator>
      <agency>University of Birmingham</agency>
      <agency_class>Other</agency_class>
    </collaborator>
    <collaborator>
      <agency>Instituto de Investigación Sanitaria de la Fundación Jiménez Díaz</agency>
      <agency_class>Other</agency_class>
    </collaborator>
    <collaborator>
      <agency>Université du Québec à Trois-Rivières</agency>
      <agency_class>Other</agency_class>
    </collaborator>
  </sponsors>
  <source>Real Centro Universitario Maria Cristina</source>
  <oversight_info>
    <has_dmc>No</has_dmc>
    <is_fda_regulated_drug>No</is_fda_regulated_drug>
    <is_fda_regulated_device>No</is_fda_regulated_device>
  </oversight_info>
  <brief_summary>
    <textblock>
      This is a prospective comparative cohort trial taking place during the first year of the&#xD;
      Coronavirus-19 (COVID-19) pandemic in Spain. Chiropractic patients throughout Spain were&#xD;
      invited to participate independently of the care received, including patients who had stopped&#xD;
      visiting their chiropractors since the pandemic hit. The main exposure variable is the access&#xD;
      to chiropractic care services, and the degree of this exposure during the months following&#xD;
      initial lockdown phase in Spain. Participants will fill an online questionnaire with&#xD;
      self-reported outcome-measures.&#xD;
    </textblock>
  </brief_summary>
  <overall_status>Active, not recruiting</overall_status>
  <start_date type="Actual">December 18, 2020</start_date>
  <completion_date type="Anticipated">February 28, 2021</completion_date>
  <primary_completion_date type="Actual">February 21, 2021</primary_completion_date>
  <study_type>Observational [Patient Registry]</study_type>
  <has_expanded_access>No</has_expanded_access>
  <study_design_info>
    <observational_model>Cohort</observational_model>
    <time_perspective>Prospective</time_perspective>
  </study_design_info>
  <target_duration>6 Months</target_duration>
  <primary_outcome>
    <measure>Pain intensity</measure>
    <time_frame>6 months</time_frame>
    <description>Numerical Rating Scale (0-10, 0=no pain, 10=maximum pain)</description>
  </primary_outcome>
  <primary_outcome>
    <measure>Pain duration</measure>
    <time_frame>6 months</time_frame>
    <description>Duration of pain symptoms, PREVIOUS to the study, measured in months (up to 3 months, more than 3 months)</description>
  </primary_outcome>
  <primary_outcome>
    <measure>Pain frequency</measure>
    <time_frame>6 months</time_frame>
    <description>Ranges: Constant, every day, every week, occasionally</description>
  </primary_outcome>
  <primary_outcome>
    <measure>Pain perceived improvement</measure>
    <time_frame>6 months</time_frame>
    <description>Categories: New pain, worsened, no change, improv, gone</description>
  </primary_outcome>
  <primary_outcome>
    <measure>Pain interference</measure>
    <time_frame>6 months</time_frame>
    <description>From the Brief Pain Inventory (7 items, 0-10: 0= minimal score, 70=maximal score)</description>
  </primary_outcome>
  <primary_outcome>
    <measure>Pain Catastrophizing Scale</measure>
    <time_frame>6 months</time_frame>
    <description>Validated questionnaire (short version 4 items, 1-4: 4= minimal score, 16=maximal score)</description>
  </primary_outcome>
  <primary_outcome>
    <measure>Tampa Scale Kinesiophobia</measure>
    <time_frame>6 months</time_frame>
    <description>Validated questionnaire (short version 11 items, 0-3: 0=minimal score, 33=maximal score)</description>
  </primary_outcome>
  <secondary_outcome>
    <measure>General Anxiety Disorder scale</measure>
    <time_frame>6 months</time_frame>
    <description>Validated questionnaire (7 items , 1-3: 1= minimal score, 21=maximal score)</description>
  </secondary_outcome>
  <secondary_outcome>
    <measure>Fear of Illness and Virus Evaluation</measure>
    <time_frame>6 months</time_frame>
    <description>Questionnaire (12 items, 1-4: 1=minimal score, 48=maximal score)</description>
  </secondary_outcome>
  <number_of_groups>2</number_of_groups>
  <enrollment type="Actual">399</enrollment>
  <condition>Access to Chiropractic Care Services</condition>
  <arm_group>
    <arm_group_label>No access</arm_group_label>
    <description>Group not accessing chiropractic care</description>
  </arm_group>
  <arm_group>
    <arm_group_label>Access to care</arm_group_label>
    <description>Group with access to care in a 6 months period. Differences in the degree of access, measured in ranges of numbers of visits, will be used as independent variable within this group.</description>
  </arm_group>
  <intervention>
    <intervention_type>Other</intervention_type>
    <intervention_name>Chiropractic care</intervention_name>
    <description>Care provided by chiropractors, based on manual therapy, exercise prescription and patient advice/education/reassurance</description>
    <arm_group_label>Access to care</arm_group_label>
  </intervention>
  <eligibility>
    <study_pop>
      <textblock>
        Chiropractic patients when the pandemic hit in Spain (March 2020), who consulted a&#xD;
        chiropractor for pain as one of the chief complaints (not necessarily the main or the only&#xD;
        one)&#xD;
      </textblock>
    </study_pop>
    <sampling_method>Non-Probability Sample</sampling_method>
    <criteria>
      <textblock>
        Inclusion Criteria:&#xD;
&#xD;
          -  chiropractic patients with pain, active when lockdown was declared, over the age of 16&#xD;
&#xD;
        Exclusion Criteria:&#xD;
&#xD;
          -  new patients in the clinic after the pandemic hit&#xD;
      </textblock>
    </criteria>
    <gender>All</gender>
    <minimum_age>16 Years</minimum_age>
    <maximum_age>N/A</maximum_age>
    <healthy_volunteers>No</healthy_volunteers>
  </eligibility>
  <overall_official>
    <last_name>Arantxa Ortega de Mues, PhD</last_name>
    <role>Principal Investigator</role>
    <affiliation>Real Centro Universitario María Cristina</affiliation>
  </overall_official>
  <location>
    <facility>
      <name>Real Centro Universitario María Cristina</name>
      <address>
        <city>San Lorenzo De El Escorial</city>
        <state>Madrid</state>
        <zip>28200</zip>
        <country>Spain</country>
      </address>
    </facility>
  </location>
  <location_countries>
    <country>Spain</country>
  </location_countries>
  <verification_date>March 2021</verification_date>
  <study_first_submitted>December 11, 2020</study_first_submitted>
  <study_first_submitted_qc>December 11, 2020</study_first_submitted_qc>
  <study_first_posted type="Actual">December 14, 2020</study_first_posted>
  <last_update_submitted>March 8, 2021</last_update_submitted>
  <last_update_submitted_qc>March 8, 2021</last_update_submitted_qc>
  <last_update_posted type="Actual">March 9, 2021</last_update_posted>
  <responsible_party>
    <responsible_party_type>Sponsor</responsible_party_type>
  </responsible_party>
  <patient_data>
    <sharing_ipd>Undecided</sharing_ipd>
    <ipd_description>All collected IPD will be shared, the format is yet to be decided.</ipd_description>
  </patient_data>
  <!-- Results have not yet been posted for this study                                          -->
</clinical_study>

