<?xml version="1.0" encoding="UTF-8"?>
<clinical_study rank="132">
  <!-- This xml conforms to an XML Schema at:
    https://clinicaltrials.gov/ct2/html/images/info/public.xsd -->
  <required_header>
    <download_date>ClinicalTrials.gov processed this data on April 23, 2021</download_date>
    <link_text>Link to the current ClinicalTrials.gov record.</link_text>
    <url>https://clinicaltrials.gov/show/NCT04550338</url>
  </required_header>
  <id_info>
    <org_study_id>TXA.COVID.3</org_study_id>
    <nct_id>NCT04550338</nct_id>
  </id_info>
  <brief_title>Antiviral Effects of TXA as a Preventative Treatment Following COVID-19 Exposure</brief_title>
  <acronym>TXACOVIDPREV</acronym>
  <official_title>Antiviral Effects of Tranexamic Acid (TXA) as a Preventative Treatment Following COVID-19 Exposure</official_title>
  <sponsors>
    <lead_sponsor>
      <agency>University of Alabama at Birmingham</agency>
      <agency_class>Other</agency_class>
    </lead_sponsor>
  </sponsors>
  <source>University of Alabama at Birmingham</source>
  <oversight_info>
    <has_dmc>Yes</has_dmc>
    <is_fda_regulated_drug>Yes</is_fda_regulated_drug>
    <is_fda_regulated_device>No</is_fda_regulated_device>
    <is_us_export>Yes</is_us_export>
  </oversight_info>
  <brief_summary>
    <textblock>
      A recent report in Physiolological Reviews proposed that the endogenous protease plasmin acts&#xD;
      on SARS-CoV-2 by cleaving a newly inserted furin site in the S protein portion of the virus&#xD;
      resulting in increased infectivity and virulence. A logical treatment that might blunt this&#xD;
      process would be the inhibition of the conversion of plasminogen to plasmin. Fortunately,&#xD;
      there is an inexpensive, commonly used drug, tranexamic acid, TXA, which suppresses this&#xD;
      conversion and could be re-purposed for the treatment of COVID-19. TXA is a synthetic analog&#xD;
      of the amino acid lysine which reversibly binds four to five lysine receptor sites on&#xD;
      plasminogen. This reduces conversion of plasminogen to plasmin, and is normally used to&#xD;
      prevent fibrin degradation. TXA is FDA approved for the outpatient treatment of heavy&#xD;
      menstrual bleeding (typical dose 1300 mg p.o. TID x 5 days) and off-label use for many other&#xD;
      indications. TXA is used perioperatively as a standard-of-care at UAB for orthopedic and&#xD;
      cardiac bypass surgeries. It has a long track record of safety such that it is used&#xD;
      over-the-counter in other countries as an antiviral and for the treatment of cosmetic&#xD;
      dermatological disorders. Given the potential benefit and limited toxicity of TXA it would&#xD;
      appear warranted to perform randomized, double-blind placebo controlled exploratory trial at&#xD;
      UAB as a prophylactic antiviral treatment following exposure to COVID-19 in order to&#xD;
      determine whether it reduces infectivity and virulence of the SARS-CoV-2 virus as&#xD;
      hypothesized. Involvement of each patient is only for 7 days before primary endpoints and 30&#xD;
      days for final data collection.&#xD;
    </textblock>
  </brief_summary>
  <detailed_description>
    <textblock>
      Patients who are self-identified as having had close personal contact with an individual who&#xD;
      has tested positive for COVID-19 will be invited to enroll in the study. On Day 1 they will&#xD;
      be consented and randomized to one of two arms of the study: Arm 1 will consist of a 5 day&#xD;
      treatment with tranexamic acid (TXA; 1300 mg p.o. TID x 5 days) and Arm 2 will consist of a 5&#xD;
      day treatment with an identical appearing placebo. All subjects will be tested using&#xD;
      nasopharyngeal RNA swabs for the presence of the SARS-CoV-2 virus on Days 1 and 7. The&#xD;
      primary endpoint will be conversion from a negative test for COVID-19 on Day 1, to a positive&#xD;
      test on Day 7. Secondary data related to symptoms and co-morbidities will also be gathered.&#xD;
&#xD;
      Subjects who are positive for COVID-19 on Day 1 will not be included in the primary endpoint&#xD;
      analysis for this study, but will receive the same 5 days of treatment and their data used&#xD;
      for secondary analyses including safety.&#xD;
&#xD;
      All subjects in Arm 1 will also be treated with apixaban (5 mg p.o. BID x 5 days) to mitigate&#xD;
      potential risks associated with hypercoagulability which have been noted in COVID-19 patients&#xD;
      and which could be made worse with TXA treatment. The subjects in Arm 2 who received placebo&#xD;
      in place of TXA will receive a second placebo tablet in place of apixaban.&#xD;
&#xD;
      Patients will be consented via the existent mechanisms associated with outpatient recruitment&#xD;
      for all COVID-related studies at UAB. Consent would be performed remotely. All nasopharyngeal&#xD;
      swabs will be obtained through the existent mechanisms for COVID-19 testing at UAB. Follow-up&#xD;
      would consist of daily phone/internet contact for 7 days unless subjects acquire symptoms&#xD;
      consistent with COVID-19, in which case they will be followed until resolution of their&#xD;
      symptoms or for a maximum of 30 days.&#xD;
    </textblock>
  </detailed_description>
  <overall_status>Withdrawn</overall_status>
  <why_stopped>
    With vaccination efforts ongoing, a feasibility survey indicated there would be inadequate&#xD;
    recruitment&#xD;
  </why_stopped>
  <start_date type="Anticipated">August 1, 2021</start_date>
  <completion_date type="Anticipated">March 31, 2023</completion_date>
  <primary_completion_date type="Anticipated">December 31, 2022</primary_completion_date>
  <phase>Phase 3</phase>
  <study_type>Interventional</study_type>
  <has_expanded_access>No</has_expanded_access>
  <study_design_info>
    <allocation>Randomized</allocation>
    <intervention_model>Parallel Assignment</intervention_model>
    <intervention_model_description>Placebo-controlled, double-blind, randomized, controlled trial</intervention_model_description>
    <primary_purpose>Prevention</primary_purpose>
    <masking>Quadruple (Participant, Care Provider, Investigator, Outcomes Assessor)</masking>
    <masking_description>Once patient is consented, pharmacy will randomize to one of two arms and prepare coded sets of drugs</masking_description>
  </study_design_info>
  <primary_outcome>
    <measure>Conversion from negative to positive COVID-19 test</measure>
    <time_frame>Repeat testing after 7 days</time_frame>
    <description>RNA testing of nasopharyngeal swabs</description>
  </primary_outcome>
  <number_of_arms>2</number_of_arms>
  <enrollment type="Actual">0</enrollment>
  <condition>COVID-19</condition>
  <arm_group>
    <arm_group_label>Tranexamic Acid Treatment</arm_group_label>
    <arm_group_type>Experimental</arm_group_type>
  </arm_group>
  <arm_group>
    <arm_group_label>Placebo Treatment</arm_group_label>
    <arm_group_type>Placebo Comparator</arm_group_type>
  </arm_group>
  <intervention>
    <intervention_type>Drug</intervention_type>
    <intervention_name>Tranexamic acid</intervention_name>
    <description>Oral administration of blinded medications</description>
    <arm_group_label>Tranexamic Acid Treatment</arm_group_label>
  </intervention>
  <intervention>
    <intervention_type>Drug</intervention_type>
    <intervention_name>Placebo</intervention_name>
    <description>Oral administration of blinded medications</description>
    <arm_group_label>Placebo Treatment</arm_group_label>
  </intervention>
  <eligibility>
    <criteria>
      <textblock>
        Inclusion Criteria:&#xD;
&#xD;
          -  self-reported close exposure to individuals who test positive for COVID-19 virus&#xD;
&#xD;
        Exclusion Criteria:&#xD;
&#xD;
          -  pregnancy, allergy to study drugs, history of hypercoagulability or hypocoagulability,&#xD;
             use of anticoagulant medications, seizures, presence of intravascular stents or other&#xD;
             instrumentation that may lead to the formation of blood clots&#xD;
      </textblock>
    </criteria>
    <gender>All</gender>
    <minimum_age>18 Years</minimum_age>
    <maximum_age>80 Years</maximum_age>
    <healthy_volunteers>Accepts Healthy Volunteers</healthy_volunteers>
  </eligibility>
  <verification_date>April 2021</verification_date>
  <study_first_submitted>September 13, 2020</study_first_submitted>
  <study_first_submitted_qc>September 13, 2020</study_first_submitted_qc>
  <study_first_posted type="Actual">September 16, 2020</study_first_posted>
  <last_update_submitted>April 21, 2021</last_update_submitted>
  <last_update_submitted_qc>April 21, 2021</last_update_submitted_qc>
  <last_update_posted type="Estimate">April 23, 2021</last_update_posted>
  <responsible_party>
    <responsible_party_type>Principal Investigator</responsible_party_type>
    <investigator_affiliation>University of Alabama at Birmingham</investigator_affiliation>
    <investigator_full_name>Timothy Ness, MD</investigator_full_name>
    <investigator_title>Professor</investigator_title>
  </responsible_party>
  <keyword>COVID-19</keyword>
  <keyword>tranexamic acid</keyword>
  <keyword>preventative therapy</keyword>
  <keyword>prophylactic therapy</keyword>
  <intervention_browse>
    <!-- CAUTION:  The following MeSH terms are assigned with an imperfect algorithm            -->
    <mesh_term>Tranexamic Acid</mesh_term>
  </intervention_browse>
  <patient_data>
    <sharing_ipd>Yes</sharing_ipd>
    <ipd_description>all de-identified data would be available upon request</ipd_description>
    <ipd_info_type>Study Protocol</ipd_info_type>
    <ipd_info_type>Statistical Analysis Plan (SAP)</ipd_info_type>
    <ipd_info_type>Informed Consent Form (ICF)</ipd_info_type>
    <ipd_info_type>Clinical Study Report (CSR)</ipd_info_type>
    <ipd_time_frame>within one month of request</ipd_time_frame>
    <ipd_access_criteria>institutional approval</ipd_access_criteria>
  </patient_data>
  <!-- Results have not yet been posted for this study                                          -->
</clinical_study>

