<?xml version="1.0" encoding="UTF-8"?>
<clinical_study rank="3970">
  <!-- This xml conforms to an XML Schema at:
    https://clinicaltrials.gov/ct2/html/images/info/public.xsd -->
  <required_header>
    <download_date>ClinicalTrials.gov processed this data on April 23, 2021</download_date>
    <link_text>Link to the current ClinicalTrials.gov record.</link_text>
    <url>https://clinicaltrials.gov/show/NCT04388657</url>
  </required_header>
  <id_info>
    <org_study_id>2020-A00</org_study_id>
    <nct_id>NCT04388657</nct_id>
  </id_info>
  <brief_title>COVID-19, bLOod Coagulation and Thrombosis</brief_title>
  <acronym>CLOT</acronym>
  <official_title>Study of the Prevalence of Deep Vein Thrombosis in Patients Hospitalized in Intensive Care for Acute Respiratory Failure Linked to Pneumonia Documented With SARS-COV2</official_title>
  <sponsors>
    <lead_sponsor>
      <agency>Ramsay Générale de Santé</agency>
      <agency_class>Other</agency_class>
    </lead_sponsor>
    <collaborator>
      <agency>Hôpital Privé Jacques Cartier, service réanimation Dr Bougouin</agency>
      <agency_class>Other</agency_class>
    </collaborator>
  </sponsors>
  <source>Ramsay Générale de Santé</source>
  <oversight_info>
    <has_dmc>No</has_dmc>
    <is_fda_regulated_drug>No</is_fda_regulated_drug>
    <is_fda_regulated_device>No</is_fda_regulated_device>
  </oversight_info>
  <brief_summary>
    <textblock>
      Coronavirus 2 (SARS-CoV2) has been identified as the pathogen responsible for severe acute&#xD;
      respiratory syndrome associated with severe inflammatory syndrome and pneumonia (COVID-19).&#xD;
&#xD;
      Haemostasis abnormalities have been shown to be associated with a poor prognosis in these&#xD;
      patients with this pneumonia. In a Chinese series of 183 patients, the hemostasis balance&#xD;
      including thrombin time, fibrinogenemia, fibrin degradation products and antithrombin III&#xD;
      were within normal limits. Only the D-Dimer assay was positive in the whole cohort with an&#xD;
      average rate of 0.66 µg / mL (normal &lt;50 µg / mL). These hemostasis parameters were abnormal&#xD;
      mainly in patients who died during their management; the levels of D-dimers and fibrin&#xD;
      degradation products were significantly higher while the antithrombin III was reduced. The&#xD;
      findings on the particular elevation of D-dimers in deceased patients as well as the&#xD;
      significant increase in thrombin time were also reported in another series. Higher numbers of&#xD;
      pulmonary embolisms have been reported in patients with severe form of SARS-COV2 (data in&#xD;
      press).&#xD;
&#xD;
      This research is based on the hypothesis that the existence of deep vein thrombosis (DVT)&#xD;
      could make it possible to screen patients at risk of pulmonary embolism and to set up a&#xD;
      curative anticoagulation.&#xD;
&#xD;
      The main objective is to describe the prevalence of deep vein thrombosis in patients&#xD;
      hospitalized in intensive care for acute respiratory failure linked to documented SARS-COV2&#xD;
      pneumonia, within 24 hours of their admission.&#xD;
    </textblock>
  </brief_summary>
  <detailed_description>
    <textblock>
      Coronavirus 2 (SARS-CoV2) has been identified as the pathogen responsible for severe acute&#xD;
      respiratory syndrome associated with severe inflammatory syndrome and pneumonia (COVID-19).&#xD;
&#xD;
      Described at the end of 2019 in China, the pandemic sees the number of patients increasing&#xD;
      worldwide, Europe being still in the ascending phase of the epidemic and the American&#xD;
      continent at the very beginning of it.&#xD;
&#xD;
      Haemostasis abnormalities have been shown to be associated with a poor prognosis in these&#xD;
      patients with this pneumonia. In a Chinese series of 183 patients, the hemostasis balance&#xD;
      including thrombin time, fibrinogenemia, fibrin degradation products and antithrombin III&#xD;
      were within normal limits. Only the D-Dimer assay was positive in the whole cohort with an&#xD;
      average rate of 0.66 µg / mL (normal &lt;50 µg / mL). These hemostasis parameters were abnormal&#xD;
      mainly in patients who died during their management; the levels of D-dimers and fibrin&#xD;
      degradation products were significantly higher while the antithrombin III was reduced. The&#xD;
      findings on the particular elevation of D-dimers in deceased patients as well as the&#xD;
      significant increase in thrombin time were also reported in another series. Higher numbers of&#xD;
      pulmonary embolisms have been reported in patients with severe form of SARS-COV2 (data in&#xD;
      press).&#xD;
&#xD;
      This research is based on the hypothesis that the existence of deep vein thrombosis (DVT)&#xD;
      could make it possible to screen patients at risk of pulmonary embolism and to set up a&#xD;
      curative anticoagulation. This is all the more important since the occurrence of a pulmonary&#xD;
      embolism can clearly worsen the right ventricular failure possibly observed during mechanical&#xD;
      ventilation in these patients.&#xD;
&#xD;
      Cohort study, non-interventional, multicentric, prospective, non-comparative, longitudinal.&#xD;
&#xD;
      The main objective of the research is to describe the prevalence of deep vein thrombosis in&#xD;
      patients hospitalized in intensive care for acute respiratory failure linked to documented&#xD;
      SARS-COV2 pneumonia, within 24 hours of their admission.&#xD;
&#xD;
      The secondary objectives of the research are:&#xD;
&#xD;
        -  Identify the factors associated with the existence of deep vein thrombosis&#xD;
&#xD;
        -  Describe the relationship between the inflammatory status of patients on admission and&#xD;
           the existence of DVT during follow-up.&#xD;
&#xD;
        -  Describe the relationship between the results of the hemostasis assessment and the&#xD;
           existence of deep vein thrombosis during follow-up.&#xD;
&#xD;
        -  Describe the relationship between a right ventricular failure or dysfunction during&#xD;
           follow-up and the existence of DVT.&#xD;
&#xD;
        -  Describe the relationship between mortality and the existence of DVT, within 28 days of&#xD;
           the patient's admission to intensive care or intensive care. Describe the lung&#xD;
           parenchyma if a CT scan is performed&#xD;
    </textblock>
  </detailed_description>
  <overall_status>Recruiting</overall_status>
  <start_date type="Actual">May 1, 2020</start_date>
  <completion_date type="Anticipated">September 1, 2020</completion_date>
  <primary_completion_date type="Anticipated">September 1, 2020</primary_completion_date>
  <study_type>Observational</study_type>
  <has_expanded_access>No</has_expanded_access>
  <study_design_info>
    <observational_model>Cohort</observational_model>
    <time_perspective>Prospective</time_perspective>
  </study_design_info>
  <primary_outcome>
    <measure>percentage of patients with one or more DVTs.</measure>
    <time_frame>28 days</time_frame>
    <description>The primary outcome measure will be the percentage of patients with one or more DVTs from a lower extremity ultrasound scan.</description>
  </primary_outcome>
  <number_of_groups>1</number_of_groups>
  <enrollment type="Anticipated">100</enrollment>
  <condition>COVID</condition>
  <condition>Embolism and Thrombosis</condition>
  <condition>Pneumonia, Viral</condition>
  <arm_group>
    <arm_group_label>Covid Intensive arm</arm_group_label>
    <description>Patients included in intensive care admission by one of the principal investigators from the 3 selectioned centers.</description>
  </arm_group>
  <intervention>
    <intervention_type>Diagnostic Test</intervention_type>
    <intervention_name>Echo-Doppler</intervention_name>
    <description>Utrasound Doppler of the lower limbs</description>
    <arm_group_label>Covid Intensive arm</arm_group_label>
  </intervention>
  <eligibility>
    <study_pop>
      <textblock>
        Patient admitted in intensive care&#xD;
      </textblock>
    </study_pop>
    <sampling_method>Non-Probability Sample</sampling_method>
    <criteria>
      <textblock>
        Inclusion Criteria:&#xD;
&#xD;
          -  Patient, male or female, over 18 years of age with no upper age limit.&#xD;
&#xD;
          -  Patient admitted to intensive care or intensive care for pneumonia linked to SARS-COV2&#xD;
             (diagnosed on positive PCR or chest CT and anamnesis)&#xD;
&#xD;
          -  Affiliated patient or beneficiary of a social security scheme&#xD;
&#xD;
          -  Patient having been informed and not objecting to the use of their data in the context&#xD;
             of this research.&#xD;
&#xD;
        Exclusion Criteria:&#xD;
&#xD;
          -  Pregnant, lactating or parturient woman&#xD;
&#xD;
          -  Protected patient: adult under guardianship, curatorship or other legal protection,&#xD;
             deprived of liberty by judicial or administrative decision.&#xD;
      </textblock>
    </criteria>
    <gender>All</gender>
    <minimum_age>18 Years</minimum_age>
    <maximum_age>N/A</maximum_age>
    <healthy_volunteers>No</healthy_volunteers>
  </eligibility>
  <overall_contact>
    <last_name>JEAN F OUDET</last_name>
    <phone>+33683346567</phone>
    <phone_ext>+33683346567</phone_ext>
    <email>jf.oudet@ecten.eu</email>
  </overall_contact>
  <overall_contact_backup>
    <last_name>MH barba</last_name>
    <phone>+330664888704</phone>
    <phone_ext>+330664888704</phone_ext>
    <email>mh.barba@ecten.eu</email>
  </overall_contact_backup>
  <location>
    <facility>
      <name>Hôpital Ambroise Paré</name>
      <address>
        <city>Boulogne-Billancourt</city>
        <state>IDF</state>
        <zip>92100</zip>
        <country>France</country>
      </address>
    </facility>
    <status>Recruiting</status>
    <contact>
      <last_name>Guillaume Peri, Dr</last_name>
      <email>guillaume.geri@aphp.fr</email>
    </contact>
  </location>
  <location>
    <facility>
      <name>Hôpital Privé Jacques Cartier</name>
      <address>
        <city>Massy</city>
        <state>IDF</state>
        <zip>91300</zip>
        <country>France</country>
      </address>
    </facility>
    <status>Recruiting</status>
    <contact>
      <last_name>DRE Ramsay santé</last_name>
      <email>dre@ramsaygds.fr</email>
    </contact>
    <investigator>
      <last_name>Wulfran Bougouin</last_name>
      <role>Principal Investigator</role>
    </investigator>
  </location>
  <location>
    <facility>
      <name>Centre Cardiologique du Nord</name>
      <address>
        <city>Saint-Denis</city>
        <state>IDF</state>
        <zip>93200</zip>
        <country>France</country>
      </address>
    </facility>
    <status>Recruiting</status>
    <contact>
      <last_name>Julien Nahum, Dr</last_name>
      <email>julien@nahum.fr</email>
    </contact>
  </location>
  <location_countries>
    <country>France</country>
  </location_countries>
  <verification_date>April 2020</verification_date>
  <study_first_submitted>May 13, 2020</study_first_submitted>
  <study_first_submitted_qc>May 13, 2020</study_first_submitted_qc>
  <study_first_posted type="Actual">May 14, 2020</study_first_posted>
  <last_update_submitted>May 13, 2020</last_update_submitted>
  <last_update_submitted_qc>May 13, 2020</last_update_submitted_qc>
  <last_update_posted type="Actual">May 14, 2020</last_update_posted>
  <responsible_party>
    <responsible_party_type>Sponsor</responsible_party_type>
  </responsible_party>
  <condition_browse>
    <!-- CAUTION:  The following MeSH terms are assigned with an imperfect algorithm            -->
    <mesh_term>Pneumonia, Viral</mesh_term>
    <mesh_term>Pneumonia</mesh_term>
    <mesh_term>Thrombosis</mesh_term>
    <mesh_term>Embolism</mesh_term>
    <mesh_term>Embolism and Thrombosis</mesh_term>
  </condition_browse>
  <patient_data>
    <sharing_ipd>Undecided</sharing_ipd>
  </patient_data>
  <!-- Results have not yet been posted for this study                                          -->
</clinical_study>

