<?xml version="1.0" encoding="UTF-8"?>
<clinical_study rank="1378">
  <!-- This xml conforms to an XML Schema at:
    https://clinicaltrials.gov/ct2/html/images/info/public.xsd -->
  <required_header>
    <download_date>ClinicalTrials.gov processed this data on April 23, 2021</download_date>
    <link_text>Link to the current ClinicalTrials.gov record.</link_text>
    <url>https://clinicaltrials.gov/show/NCT04800965</url>
  </required_header>
  <id_info>
    <org_study_id>IRB#21-000268 (1)</org_study_id>
    <nct_id>NCT04800965</nct_id>
  </id_info>
  <brief_title>Text-based Interventions to Promote COVID-19 Vaccinations</brief_title>
  <official_title>Text-based Interventions to Promote COVID-19 Vaccinations</official_title>
  <sponsors>
    <lead_sponsor>
      <agency>University of California, Los Angeles</agency>
      <agency_class>Other</agency_class>
    </lead_sponsor>
    <collaborator>
      <agency>Carnegie Mellon University</agency>
      <agency_class>Other</agency_class>
    </collaborator>
  </sponsors>
  <source>University of California, Los Angeles</source>
  <oversight_info>
    <has_dmc>No</has_dmc>
    <is_fda_regulated_drug>No</is_fda_regulated_drug>
    <is_fda_regulated_device>No</is_fda_regulated_device>
  </oversight_info>
  <brief_summary>
    <textblock>
      This study investigates whether and which type of text-based interventions affect the take-up&#xD;
      of the COVID-19 vaccine.&#xD;
    </textblock>
  </brief_summary>
  <detailed_description>
    <textblock>
      This study investigates whether and which type of text-based interventions affect the take-up&#xD;
      of the COVID-19 vaccine. The primary research question is whether vaccine takeup can be&#xD;
      boosted by a text-message intervention encouraging eligible patients to schedule a&#xD;
      vaccination appointment. Patients, when becoming eligible for receiving the COVID-19 vaccine&#xD;
      at UCLA Health, will be first notified about their eligibility and encouraged to schedule a&#xD;
      vaccination appointment via one of the channels (email, voice call, or snail mail) depending&#xD;
      on the contact information available to UCLA Health. Then patients eligible for the study&#xD;
      will be randomized at a 1:4 ratio into a holdout control arm that does not receive a text&#xD;
      message vs. a text-message arm that receives a text message.&#xD;
&#xD;
      The secondary research question concerns which type of text message is more effective. To&#xD;
      study this question, a nested 2x2 factorial design within the text-message arm will be used,&#xD;
      where the two factors will be a) whether patients receive the link to an educational video&#xD;
      specifically designed to shift patients' intentions to get the COVID-19 vaccine and b)&#xD;
      whether the text message contains language aimed at encouraging patients to follow through on&#xD;
      their intentions.&#xD;
&#xD;
        -  In the Holdout arm: patients will not receive text messages about COVID-vaccine.&#xD;
&#xD;
        -  In the text-message arm, all participants will receive a text message that invites them&#xD;
           to schedule their vaccination appointment and includes a link to the appointment website&#xD;
&#xD;
             -  In the Simple Text sub-arm, participants will not receive any additional&#xD;
                information.&#xD;
&#xD;
             -  In the Simple Text+Video sub-arm, together with the appointment link, participants&#xD;
                will also receive a link to a 2-minute video in the text message. The video&#xD;
                contains information about the prevalence of COVID-19 and the effectiveness and&#xD;
                safety of the COVID-19 vaccine.&#xD;
&#xD;
             -  In the Enhanced Text sub-arm, in addition to the appointment link, the text message&#xD;
                will use enhanced language aimed at reducing psychological barriers that prevent&#xD;
                patients from scheduling their appointment.&#xD;
&#xD;
             -  In the Enhanced Text+Video sub-arm, in addition to the appointment link, the text&#xD;
                message will encourage patients to watch a 2-minute video (the same as in the&#xD;
                Simple Text+Video sub-arm) and use enhanced language aimed at reducing patients'&#xD;
                psychological barriers of following through on scheduling an appointment.&#xD;
&#xD;
      Patients will enter our study on a rolling basis, as they become eligible to get the vaccine&#xD;
      (and if they fit our inclusion criteria). For the first batch of patients, those in the&#xD;
      text-message arm will receive the text message within 4 -10 days after the initial invitation&#xD;
      is sent (because the infrastructure of running this study is not ready until then). For&#xD;
      subsequent batches of patients, they will be randomized and receive the text message (if they&#xD;
      are not in the holdout arm) the first weekday after the initial communication goes out. We&#xD;
      will measure a) whether patients schedule a COVID-19 vaccination appointment for the first&#xD;
      dose and b) whether and when patients get the first dose of COVID-19 vaccine.&#xD;
&#xD;
      Analysis:&#xD;
&#xD;
      For the main analysis, we will run ordinary least squares regressions (OLS) with robust&#xD;
      standard errors to predict the aforementioned outcome variables, except that we will use a&#xD;
      Cox proportional hazards model with administrative censoring to predict time of obtaining the&#xD;
      first COVID-19 vaccine. The significance level will be 0.05. Our primary hypothesis is that&#xD;
      the text-message arm is significantly better than the holdout arm, so our primary analysis&#xD;
      will compare the four text-message sub-arms all together with the holdout group.&#xD;
&#xD;
      Our secondary analysis will investigate whether (1) the Simple Text sub-arm, (2) the two&#xD;
      sub-arms containing a video, and (3) the two sub-arms containing enhanced language are better&#xD;
      than the holdout arm.&#xD;
&#xD;
      Furthermore, we will test (1) the effect of adding a video (vs. no video) to the text, (2)&#xD;
      the effect of adding enhanced language (vs not adding enhanced language), and (3) whether the&#xD;
      combination of video and enhanced language will outperform video alone or enhanced language&#xD;
      alone.&#xD;
&#xD;
      Our regressions will include the following control variables:&#xD;
&#xD;
        -  Participant age&#xD;
&#xD;
        -  Indicators for participant race/ethnicity (Black non-Hispanic, Hispanic, Asian&#xD;
           non-Hispanic, white non-Hispanic, other/mixed, unknown; white non-Hispanic omitted)&#xD;
&#xD;
        -  Whether the patient's preferred language is Spanish (which affects the language of text)&#xD;
&#xD;
        -  Indicators for participant gender (male, female, other/unknown)&#xD;
&#xD;
        -  Social vulnerability index score&#xD;
&#xD;
        -  COVID19 Risk Factors Model&#xD;
&#xD;
        -  Indicators for the batches of patients (patients will become eligible and receive&#xD;
           initial communications in batches)&#xD;
&#xD;
      As a robustness check, we will re-run the analysis as a logit regression (instead of an OLS&#xD;
      regression) for binary outcome variables.&#xD;
&#xD;
      We will explore the following moderators:&#xD;
&#xD;
        -  Whether the patient is female or male&#xD;
&#xD;
        -  Whether the patient is Black, Caucasian, Hispanic, or other&#xD;
&#xD;
        -  Whether the patient's preferred language is Spanish&#xD;
&#xD;
        -  Whether the patient is 65+ (including 65) or below 65&#xD;
&#xD;
        -  Patient's Social vulnerability index score&#xD;
&#xD;
        -  Patient's COVID risk score&#xD;
&#xD;
        -  Patient's population risk score&#xD;
&#xD;
        -  Whether the patient is married (which is a proxy for whether they live together with&#xD;
           family members)&#xD;
&#xD;
        -  Whether or not the patient received a flu shot in either the 2019-2020 season or the&#xD;
           2020-2021 flu season prior to receiving our text message according to the patient's&#xD;
           medical record&#xD;
&#xD;
        -  The day of the week when the text message is sent to a patient. We will compare each day&#xD;
           of the week.&#xD;
&#xD;
        -  How strongly the participant's neighborhood is in favor of the Republican (vs.&#xD;
           Democratic) Party if UCLA Health eventually agrees to provide de-identified address&#xD;
           (e.g., zipcode).&#xD;
&#xD;
      Plan for Early and Subsequent Analyses&#xD;
&#xD;
      To inform policy as soon as possible, we plan to first assess the effects of our&#xD;
      interventions in the early phase of vaccination outreach at UCLA Health. For this purpose, we&#xD;
      plan to first analyze the data from the start of this RCT to the end of February. Given that&#xD;
      we are using a 6-day time window for our primary dependent variable, we will examine data&#xD;
      from patients who are randomized to either the holdout or text-message arm in this RCT before&#xD;
      or on Feb 23, 2021. For this population, we will test:&#xD;
&#xD;
        1. whether the text-message arm is significantly better than the holdout arm;&#xD;
&#xD;
        2. whether the Simple Text sub-arm, the two subarms containing a video, and the two&#xD;
           sub-arms containing enhanced language are better than the holdout arm&#xD;
&#xD;
        3. the effect of adding a video (vs. no video) to the text&#xD;
&#xD;
        4. the effect of adding enhanced language (vs not adding enhanced language)&#xD;
&#xD;
        5. whether (1), (2), (3), and (4) varies based on whether patients received the flu&#xD;
           vaccination in either the 2019-2020 season or the 2020-2021 season&#xD;
&#xD;
        6. we will report the raw data for each sub-arm without conducting hypothesis testing&#xD;
           across conditions that are not pre-registered in (1)-(4).&#xD;
&#xD;
      In our early analysis, we will include controls that are available to us (it is possible that&#xD;
      we do not have all of the controls described above at the time of early report).&#xD;
&#xD;
      After all UCLA patients have been invited (or if vaccine distribution plan changes and UCLA&#xD;
      Health no longer sends out text messages to patients at some point), we will do the following&#xD;
      additional analyses:&#xD;
&#xD;
        -  If the additional data collected afterwards exceeds 30K (which gives us 80% power to&#xD;
           detect a 2pp difference between the holdout arm and the text message arm, assuming that&#xD;
           holdout arm has a 50% baseline), then we will analyze the main effect of sending a text&#xD;
           message (vs. holdout) and report the raw data for each sub-arm (to see if the patterns&#xD;
           are qualitatively comparable with those in the early data).&#xD;
&#xD;
        -  We will use the full sample (including the early data and subsequent data) to analyze&#xD;
           (1) whether the combination of video and enhanced language will outperform video alone&#xD;
           or enhanced language alone and (2) the aforementioned heterogeneous treatment effect.&#xD;
    </textblock>
  </detailed_description>
  <overall_status>Enrolling by invitation</overall_status>
  <start_date type="Actual">January 31, 2021</start_date>
  <completion_date type="Anticipated">January 1, 2022</completion_date>
  <primary_completion_date type="Anticipated">December 31, 2021</primary_completion_date>
  <phase>N/A</phase>
  <study_type>Interventional</study_type>
  <has_expanded_access>No</has_expanded_access>
  <study_design_info>
    <allocation>Randomized</allocation>
    <intervention_model>Parallel Assignment</intervention_model>
    <primary_purpose>Health Services Research</primary_purpose>
    <masking>Double (Participant, Care Provider)</masking>
  </study_design_info>
  <primary_outcome>
    <measure>First COVID-19 Vaccine Appointment Scheduled at UCLA Health</measure>
    <time_frame>6 days</time_frame>
    <description>Whether patients schedule their vaccination appointment at UCLA Health within 6 days of receiving the text message (including the day of text message). Specifically, if t=the date of the text message (for the holdout arm, this refers to the date they would have received the text message had they not been assigned to the holdout arm), we will track vaccination appointments made by the end of t+5. While most people just make one appointment, a small percentage update their appointment time. We will have access to the latest few first-dose appointments people schedule by the time of data extraction.</description>
  </primary_outcome>
  <secondary_outcome>
    <measure>First COVID-19 Vaccine obtained at UCLA Health</measure>
    <time_frame>1 month from text message</time_frame>
    <description>Whether patients get the first dose of COVID-19 vaccine at UCLA Health [time frame: 1 months from text message]</description>
  </secondary_outcome>
  <secondary_outcome>
    <measure>Time of obtaining the first COVID-19 vaccine at UCLA Health</measure>
    <time_frame>1 month from text message</time_frame>
    <description>The date when patients obtain the first dose of COVID-19 vaccine at UCLA Health [time frame: 1 months from text message]</description>
  </secondary_outcome>
  <secondary_outcome>
    <measure>First COVID-19 Vaccine obtained at UCLA Health or any organization reporting to CAIR</measure>
    <time_frame>2 months from text message</time_frame>
    <description>Whether patients obtain the first dose of COVID-19 vaccine at UCLA Health or another location reporting to the California Immunization Registry (CAIR). [time frame: 2 months from text message]</description>
  </secondary_outcome>
  <secondary_outcome>
    <measure>Time of obtaining the first COVID-19 at UCLA Health or another location reporting to CAIR</measure>
    <time_frame>2 months from text message</time_frame>
    <description>The date when patients obtain the first dose of COVID-19 vaccine at UCLA Health or another location reporting to the California Immunization Registry (CAIR) [time frame: 2 months from text message]</description>
  </secondary_outcome>
  <number_of_arms>5</number_of_arms>
  <enrollment type="Anticipated">400000</enrollment>
  <condition>Covid19, Vaccines</condition>
  <arm_group>
    <arm_group_label>Holdout Arm</arm_group_label>
    <arm_group_type>No Intervention</arm_group_type>
    <description>In the Holdout arm, patients will not receive text messages about COVID-vaccine.</description>
  </arm_group>
  <arm_group>
    <arm_group_label>Simple Text Sub-arm</arm_group_label>
    <arm_group_type>Experimental</arm_group_type>
    <description>In the Simple Text sub-arm, participants will not receive any additional information.</description>
  </arm_group>
  <arm_group>
    <arm_group_label>Simple Text + Video Sub-arm</arm_group_label>
    <arm_group_type>Experimental</arm_group_type>
    <description>In the Simple Text+Video sub-arm, together with the appointment link, participants will also receive a link to a 2-minute video in the text message. The video contains information about the prevalence of COVID-19 and the effectiveness and safety of the COVID-19 vaccine.</description>
  </arm_group>
  <arm_group>
    <arm_group_label>Enhanced Text sub-Arm</arm_group_label>
    <arm_group_type>Experimental</arm_group_type>
    <description>In the Enhanced Text sub-arm, in addition to the appointment link, the text message will use enhanced language aimed at reducing psychological barriers that prevent patients from scheduling their appointment.</description>
  </arm_group>
  <arm_group>
    <arm_group_label>Enhanced Text + Video Sub-arm</arm_group_label>
    <arm_group_type>Experimental</arm_group_type>
    <description>In the Enhanced Text+Video sub-arm, in addition to the appointment link, the text message will encourage patients to watch a 2-minute video (the same as in the Simple Text+Video sub-arm) and use enhanced language aimed at reducing patients' psychological barriers of following through on scheduling an appointment.</description>
  </arm_group>
  <intervention>
    <intervention_type>Behavioral</intervention_type>
    <intervention_name>Patient MyChart Scheduling Link</intervention_name>
    <description>Text message includes a link for patients to sign on to their patient portal (Epic MyChart) and schedule their COVID-19 vaccine appointment.</description>
    <arm_group_label>Enhanced Text + Video Sub-arm</arm_group_label>
    <arm_group_label>Enhanced Text sub-Arm</arm_group_label>
    <arm_group_label>Simple Text + Video Sub-arm</arm_group_label>
    <arm_group_label>Simple Text Sub-arm</arm_group_label>
  </intervention>
  <intervention>
    <intervention_type>Behavioral</intervention_type>
    <intervention_name>Patient Educational Video</intervention_name>
    <description>Text message includes a link to a patient education video that aims to encourage patients to obtain the COVID-19 vaccine.</description>
    <arm_group_label>Enhanced Text + Video Sub-arm</arm_group_label>
    <arm_group_label>Simple Text + Video Sub-arm</arm_group_label>
  </intervention>
  <intervention>
    <intervention_type>Behavioral</intervention_type>
    <intervention_name>Enhanced Follow through Message</intervention_name>
    <description>Text message includes information that will use enhanced language aimed at reducing psychological barriers that prevent patients from scheduling their appointment.</description>
    <arm_group_label>Enhanced Text + Video Sub-arm</arm_group_label>
    <arm_group_label>Enhanced Text sub-Arm</arm_group_label>
  </intervention>
  <eligibility>
    <criteria>
      <textblock>
        Inclusion criteria:&#xD;
&#xD;
        All patients who satisfy the following criteria will be eligible to be included in our&#xD;
        study:&#xD;
&#xD;
          -  They have a mobile phone number or SMS capable phone number in UCLA Health's database&#xD;
&#xD;
          -  They are eligible for receiving the COVID-19 vaccine at UCLA Health&#xD;
&#xD;
          -  They have not already scheduled an appointment the day before the scheduled time of&#xD;
             text message&#xD;
&#xD;
          -  They are at or above 18 years old&#xD;
&#xD;
        Exclusion Criteria:&#xD;
&#xD;
        * Patients who already scheduled an appointment or obtained a COVID vaccine (at our&#xD;
        collaborating health system or as documented in the California Immunization Registry (CAIR)&#xD;
        https://cairweb.org/ ) by the time our text message is sent will be excluded from the&#xD;
        analysis.&#xD;
      </textblock>
    </criteria>
    <gender>All</gender>
    <minimum_age>18 Years</minimum_age>
    <maximum_age>N/A</maximum_age>
    <healthy_volunteers>Accepts Healthy Volunteers</healthy_volunteers>
  </eligibility>
  <location>
    <facility>
      <name>UCLA Health Department of Medicine, Quality Office</name>
      <address>
        <city>Westwood</city>
        <state>California</state>
        <zip>90095</zip>
        <country>United States</country>
      </address>
    </facility>
  </location>
  <location_countries>
    <country>United States</country>
  </location_countries>
  <reference>
    <citation>Brewer NT, Chapman GB, Rothman AJ, Leask J, Kempe A. Increasing Vaccination: Putting Psychological Science Into Action. Psychol Sci Public Interest. 2017 Dec;18(3):149-207. doi: 10.1177/1529100618760521.</citation>
    <PMID>29611455</PMID>
  </reference>
  <reference>
    <citation>Haaland, I., Roth, C., &amp; Wohlfart, J. (2020). Designing information provision experiments. CESifo Working Paper, No. 8406</citation>
  </reference>
  <reference>
    <citation>Volpp KG, Loewenstein G, Buttenheim AM. Behaviorally Informed Strategies for a National COVID-19 Vaccine Promotion Program. JAMA. 2021 Jan 12;325(2):125-126. doi: 10.1001/jama.2020.24036.</citation>
    <PMID>33315079</PMID>
  </reference>
  <verification_date>March 2021</verification_date>
  <study_first_submitted>February 6, 2021</study_first_submitted>
  <study_first_submitted_qc>March 14, 2021</study_first_submitted_qc>
  <study_first_posted type="Actual">March 16, 2021</study_first_posted>
  <last_update_submitted>March 22, 2021</last_update_submitted>
  <last_update_submitted_qc>March 22, 2021</last_update_submitted_qc>
  <last_update_posted type="Actual">March 24, 2021</last_update_posted>
  <responsible_party>
    <responsible_party_type>Principal Investigator</responsible_party_type>
    <investigator_affiliation>University of California, Los Angeles</investigator_affiliation>
    <investigator_full_name>Daniel M. Croymans, MD, MBA, MS</investigator_full_name>
    <investigator_title>Medical Director of Quality, Dept of Medicine</investigator_title>
  </responsible_party>
  <keyword>COVID19</keyword>
  <keyword>Vaccines</keyword>
  <keyword>Text-messages</keyword>
  <keyword>Patient Outreach</keyword>
  <keyword>Behavioral Science</keyword>
  <patient_data>
    <sharing_ipd>No</sharing_ipd>
  </patient_data>
  <!-- Results have not yet been posted for this study                                          -->
</clinical_study>

