<?xml version="1.0" encoding="UTF-8"?>
<clinical_study rank="2826">
  <!-- This xml conforms to an XML Schema at:
    https://clinicaltrials.gov/ct2/html/images/info/public.xsd -->
  <required_header>
    <download_date>ClinicalTrials.gov processed this data on April 23, 2021</download_date>
    <link_text>Link to the current ClinicalTrials.gov record.</link_text>
    <url>https://clinicaltrials.gov/show/NCT04769700</url>
  </required_header>
  <id_info>
    <org_study_id>Lactancia1</org_study_id>
    <nct_id>NCT04769700</nct_id>
  </id_info>
  <brief_title>Post-partum Depression, Breastfeeding Adherence and Fear in COVID-19</brief_title>
  <official_title>Post-partum Depression, Breastfeeding Adherence, and Fear in Women Giving Birth During the COVID-19 Pandemic.</official_title>
  <sponsors>
    <lead_sponsor>
      <agency>Instituto Mexicano del Seguro Social</agency>
      <agency_class>Other</agency_class>
    </lead_sponsor>
  </sponsors>
  <source>Instituto Mexicano del Seguro Social</source>
  <oversight_info>
    <is_fda_regulated_drug>No</is_fda_regulated_drug>
    <is_fda_regulated_device>No</is_fda_regulated_device>
  </oversight_info>
  <brief_summary>
    <textblock>
      This study aims to explore whether quarantine measures, social distancing and hospital&#xD;
      containment policies among women giving birth during the COVID-19 pandemic enhanced&#xD;
      psycho-emotional distress in the immediate postpartum period. The investigators tested for&#xD;
      depression using the Edinburgh Postnatal Depression Scale (EPDS) in the first 6 postpartum&#xD;
      months, and then used the Fear of COVID-19 Scale, measuring also the adherence and practices&#xD;
      of breastfeeding according to WHO.&#xD;
    </textblock>
  </brief_summary>
  <overall_status>Recruiting</overall_status>
  <start_date type="Actual">January 1, 2021</start_date>
  <completion_date type="Anticipated">June 1, 2021</completion_date>
  <primary_completion_date type="Anticipated">June 1, 2021</primary_completion_date>
  <study_type>Observational</study_type>
  <has_expanded_access>No</has_expanded_access>
  <study_design_info>
    <observational_model>Cohort</observational_model>
    <time_perspective>Cross-Sectional</time_perspective>
  </study_design_info>
  <primary_outcome>
    <measure>Post-Partum Depression Frequency</measure>
    <time_frame>Baseline</time_frame>
    <description>To explore the frequency of post-partum depression in women who gave birth during the COVID-19 pandemic</description>
  </primary_outcome>
  <primary_outcome>
    <measure>Breast Feeding Adherence and behavior.</measure>
    <time_frame>Baseline</time_frame>
    <description>To explore the breastfeeding behavior of women who gave birth during the COVID-19 pandemic. The investigators asked the patients about the frequency of breastfeeding, the duration in months of how long the mothers breastfed in a previous child, if the participants have breastfed before, and whether the participants exclusively breastfed or complemented the nutrition with formula.</description>
  </primary_outcome>
  <primary_outcome>
    <measure>Fear of Covid-19 severity</measure>
    <time_frame>Baseline</time_frame>
    <description>The Fear of Covid-19 Scale (FCV-19S) is a questionnaire that evaluates fear of the global pandemic caused by the SARS-CoV-2. The FVC-19S consists of seven items, such as &quot;It makes me uncomfortable to think about coronavirus-19,&quot; &quot;I am afraid of losing my life because of coronavirus-19,&quot; and &quot;When watching news and stories about coronavirus-19 on social media, I become nervous or anxious,&quot; each with a five-point Likert scale of options. The participant is instructed to choose the option that best represents their perception about the statement presented. The maximum possible total is 35 points. The scale's authors indicate that the higher the score is, the higher is the level of the participants' fear of COVID-19.</description>
  </primary_outcome>
  <enrollment type="Anticipated">250</enrollment>
  <condition>Breast Feeding, Exclusive</condition>
  <condition>Post Partum Depression</condition>
  <condition>Covid19</condition>
  <intervention>
    <intervention_type>Behavioral</intervention_type>
    <intervention_name>Edinburgh Postnatal Depression Scale</intervention_name>
    <description>The Edinburgh Postnatal Depression Scale is a self-administered questionnaire made up of 10 items scored using a four-point Likert scale (0-3) designed to screen for symptoms of postpartum depression. Postpartum depression represents the end of a continuum of severity of symptoms. The present study used a cutoff point for depressive symptomatology risk of higher than 12.</description>
  </intervention>
  <intervention>
    <intervention_type>Behavioral</intervention_type>
    <intervention_name>Breast Feeding Adherence</intervention_name>
    <description>This will be addressed according to the breastfeeding initiation practices according to the WHO.</description>
  </intervention>
  <intervention>
    <intervention_type>Behavioral</intervention_type>
    <intervention_name>Fear of Covid-19 Scale</intervention_name>
    <description>The Fear of Covid-19 Scale is a questionnaire that evaluates fear of the global pandemic caused by the SARS-CoV-2. It consists of seven items, each with a five-point Likert scale of options. The participant is instructed to choose the option that best represents their perception about the statement presented. The maximum possible total is 35 points. The scale's authors indicate that the higher the score is, the higher is the level of the participants' fear of COVID-19.</description>
  </intervention>
  <eligibility>
    <study_pop>
      <textblock>
        Women who delivered singletons at term in the last 6 months during the COVID-19 pandemic.&#xD;
      </textblock>
    </study_pop>
    <sampling_method>Non-Probability Sample</sampling_method>
    <criteria>
      <textblock>
        Inclusion Criteria:&#xD;
&#xD;
          -  Women aged ≥18 years&#xD;
&#xD;
          -  Women who delivered singletons at term in the last 6 months during the COVID-19&#xD;
             pandemic&#xD;
&#xD;
        Exclusion Criteria:&#xD;
&#xD;
          -  Women who delivered two or more products&#xD;
&#xD;
          -  Women who delivered singletons at term past the last 6 months during the COVID-19&#xD;
             pandemic&#xD;
&#xD;
          -  Women who delivered singletons pre or post-term in the last 6 months during the&#xD;
             COVID-19 pandemic&#xD;
      </textblock>
    </criteria>
    <gender>Female</gender>
    <gender_based>Yes</gender_based>
    <gender_description>Women who delivered singletons at term in the last 6 months during the COVID-19 pandemic.</gender_description>
    <minimum_age>18 Years</minimum_age>
    <maximum_age>N/A</maximum_age>
    <healthy_volunteers>Accepts Healthy Volunteers</healthy_volunteers>
  </eligibility>
  <overall_contact>
    <last_name>Alejandro González-Ojeda, MD, Ph.D</last_name>
    <phone>+52333170060</phone>
    <phone_ext>31309</phone_ext>
    <email>avygail5@gmail.com</email>
  </overall_contact>
  <location>
    <facility>
      <name>Instituto Mexicano del Seguro Social</name>
      <address>
        <city>Guadalajara</city>
        <state>Jalisco</state>
        <zip>44329</zip>
        <country>Mexico</country>
      </address>
    </facility>
    <status>Recruiting</status>
    <contact>
      <last_name>Alejandro Gonzalez Ojeda, PhD</last_name>
      <phone>+52333170060</phone>
      <phone_ext>31309</phone_ext>
      <email>avygail5@gmail.com</email>
    </contact>
  </location>
  <location_countries>
    <country>Mexico</country>
  </location_countries>
  <verification_date>February 2021</verification_date>
  <study_first_submitted>February 2, 2021</study_first_submitted>
  <study_first_submitted_qc>February 23, 2021</study_first_submitted_qc>
  <study_first_posted type="Actual">February 24, 2021</study_first_posted>
  <last_update_submitted>February 23, 2021</last_update_submitted>
  <last_update_submitted_qc>February 23, 2021</last_update_submitted_qc>
  <last_update_posted type="Actual">February 24, 2021</last_update_posted>
  <responsible_party>
    <responsible_party_type>Principal Investigator</responsible_party_type>
    <investigator_affiliation>Instituto Mexicano del Seguro Social</investigator_affiliation>
    <investigator_full_name>GONZALEZ-OJEDA ALEJANDRO</investigator_full_name>
    <investigator_title>Principal Investigator</investigator_title>
  </responsible_party>
  <keyword>COVID-19</keyword>
  <keyword>Post-partum depression</keyword>
  <keyword>Breast feeding</keyword>
  <keyword>Pandemic</keyword>
  <condition_browse>
    <!-- CAUTION:  The following MeSH terms are assigned with an imperfect algorithm            -->
    <mesh_term>Depression, Postpartum</mesh_term>
    <mesh_term>Depression</mesh_term>
    <mesh_term>Depressive Disorder</mesh_term>
  </condition_browse>
  <!-- Results have not yet been posted for this study                                          -->
</clinical_study>

