<?xml version="1.0" encoding="UTF-8"?>
<clinical_study rank="2625">
  <!-- This xml conforms to an XML Schema at:
    https://clinicaltrials.gov/ct2/html/images/info/public.xsd -->
  <required_header>
    <download_date>ClinicalTrials.gov processed this data on April 23, 2021</download_date>
    <link_text>Link to the current ClinicalTrials.gov record.</link_text>
    <url>https://clinicaltrials.gov/show/NCT04351295</url>
  </required_header>
  <id_info>
    <org_study_id>faviprevir covid</org_study_id>
    <nct_id>NCT04351295</nct_id>
  </id_info>
  <brief_title>Efficacy of Faviprevir in COVID-19 Treatment</brief_title>
  <official_title>Clinical Study Evaluating the Efficacy of Faviprevir in COVID-19 Treatment</official_title>
  <sponsors>
    <lead_sponsor>
      <agency>Tanta University</agency>
      <agency_class>Other</agency_class>
    </lead_sponsor>
  </sponsors>
  <source>Tanta University</source>
  <oversight_info>
    <has_dmc>No</has_dmc>
    <is_fda_regulated_drug>No</is_fda_regulated_drug>
    <is_fda_regulated_device>No</is_fda_regulated_device>
  </oversight_info>
  <brief_summary>
    <textblock>
      Faviprevir in COVID-19 treatment&#xD;
    </textblock>
  </brief_summary>
  <detailed_description>
    <textblock>
      Clinical Study Evaluating the Efficacy of Faviprevir in COVID-19 treatment&#xD;
    </textblock>
  </detailed_description>
  <overall_status>Recruiting</overall_status>
  <start_date type="Actual">April 20, 2020</start_date>
  <completion_date type="Anticipated">December 1, 2020</completion_date>
  <primary_completion_date type="Anticipated">December 1, 2020</primary_completion_date>
  <phase>Phase 2/Phase 3</phase>
  <study_type>Interventional</study_type>
  <has_expanded_access>No</has_expanded_access>
  <study_design_info>
    <allocation>Randomized</allocation>
    <intervention_model>Parallel Assignment</intervention_model>
    <primary_purpose>Treatment</primary_purpose>
    <masking>None (Open Label)</masking>
  </study_design_info>
  <primary_outcome>
    <measure>Number of patients with mortality or need for mechanical ventilation</measure>
    <time_frame>6 months</time_frame>
    <description>Number of patients with mortality or need for mechanical ventilation</description>
  </primary_outcome>
  <number_of_arms>2</number_of_arms>
  <enrollment type="Anticipated">90</enrollment>
  <condition>COVID</condition>
  <arm_group>
    <arm_group_label>Faviprevir</arm_group_label>
    <arm_group_type>Experimental</arm_group_type>
    <description>Faviprevir</description>
  </arm_group>
  <arm_group>
    <arm_group_label>Placebo</arm_group_label>
    <arm_group_type>Placebo Comparator</arm_group_type>
    <description>Placebo</description>
  </arm_group>
  <intervention>
    <intervention_type>Drug</intervention_type>
    <intervention_name>Favipiravir</intervention_name>
    <description>Favipiravir</description>
    <arm_group_label>Faviprevir</arm_group_label>
    <other_name>Faviprevir</other_name>
  </intervention>
  <intervention>
    <intervention_type>Drug</intervention_type>
    <intervention_name>Placebos</intervention_name>
    <description>Placebo oral tablet</description>
    <arm_group_label>Placebo</arm_group_label>
    <other_name>Placebo</other_name>
  </intervention>
  <eligibility>
    <criteria>
      <textblock>
        Inclusion Criteria:&#xD;
&#xD;
          -  Patients with covid 19&#xD;
&#xD;
        Exclusion Criteria:&#xD;
&#xD;
          -  Allergy or contraindications to faviprevir&#xD;
      </textblock>
    </criteria>
    <gender>All</gender>
    <minimum_age>N/A</minimum_age>
    <maximum_age>N/A</maximum_age>
    <healthy_volunteers>No</healthy_volunteers>
  </eligibility>
  <overall_official>
    <last_name>sherief Abd-Elsalam, Ass. Prof.</last_name>
    <role>Principal Investigator</role>
    <affiliation>Tanta University - Faculty of Medicine</affiliation>
  </overall_official>
  <overall_contact>
    <last_name>Sherief Abd-Elsalam, ass. prof.</last_name>
    <phone>00201147773440</phone>
    <email>sheriefabdelsalam@yahoo.com</email>
  </overall_contact>
  <location>
    <facility>
      <name>Tanta University, Ainshams University</name>
      <address>
        <city>Tanta</city>
        <zip>35111</zip>
        <country>Egypt</country>
      </address>
    </facility>
    <status>Recruiting</status>
    <contact>
      <last_name>Sherief Abd-Elsalam</last_name>
    </contact>
  </location>
  <location_countries>
    <country>Egypt</country>
  </location_countries>
  <verification_date>September 2020</verification_date>
  <study_first_submitted>April 15, 2020</study_first_submitted>
  <study_first_submitted_qc>April 15, 2020</study_first_submitted_qc>
  <study_first_posted type="Actual">April 17, 2020</study_first_posted>
  <last_update_submitted>September 25, 2020</last_update_submitted>
  <last_update_submitted_qc>September 25, 2020</last_update_submitted_qc>
  <last_update_posted type="Actual">September 29, 2020</last_update_posted>
  <responsible_party>
    <responsible_party_type>Principal Investigator</responsible_party_type>
    <investigator_affiliation>Tanta University</investigator_affiliation>
    <investigator_full_name>Sherief Abd-Elsalam</investigator_full_name>
    <investigator_title>Ass. Prof. Tropical Medicine</investigator_title>
  </responsible_party>
  <patient_data>
    <sharing_ipd>No</sharing_ipd>
  </patient_data>
  <!-- Results have not yet been posted for this study                                          -->
</clinical_study>

