<?xml version="1.0" encoding="UTF-8"?>
<clinical_study rank="4865">
  <!-- This xml conforms to an XML Schema at:
    https://clinicaltrials.gov/ct2/html/images/info/public.xsd -->
  <required_header>
    <download_date>ClinicalTrials.gov processed this data on April 23, 2021</download_date>
    <link_text>Link to the current ClinicalTrials.gov record.</link_text>
    <url>https://clinicaltrials.gov/show/NCT04326426</url>
  </required_header>
  <id_info>
    <org_study_id>VLY-686-3501</org_study_id>
    <nct_id>NCT04326426</nct_id>
  </id_info>
  <brief_title>ODYSSEY: A Study to Investigate the Efficacy of Tradipitant in Treating Severe or Critical COVID-19 Infection</brief_title>
  <official_title>ODYSSEY: A Randomized, Double-blind, Placebo-controlled Study to Investigate the Efficacy of Tradipitant in Treating Inflammatory Lung Injury and Improving Clinical Outcomes Associated With Severe or Critical COVID-19 Infection</official_title>
  <sponsors>
    <lead_sponsor>
      <agency>Vanda Pharmaceuticals</agency>
      <agency_class>Industry</agency_class>
    </lead_sponsor>
  </sponsors>
  <source>Vanda Pharmaceuticals</source>
  <oversight_info>
    <is_fda_regulated_drug>Yes</is_fda_regulated_drug>
    <is_fda_regulated_device>No</is_fda_regulated_device>
    <is_us_export>No</is_us_export>
  </oversight_info>
  <brief_summary>
    <textblock>
      This is a randomized, double-blind placebo-controlled trial to investigate the efficacy and&#xD;
      safety of tradipitant 85 mg orally given twice daily to treat inflammatory lung injury&#xD;
      associated with severe or critical COVID-19 infection.&#xD;
&#xD;
      On evaluation for enrollment, participant will need to meet all inclusion and exclusion&#xD;
      criteria. If participant consents, they will be randomized 1:1 to treatment with either&#xD;
      tradipitant 85 mg PO BID or placebo in addition to standard of care for COVID-19 infection as&#xD;
      per the protocol at the treating hospital. NEWS 2 will be assessed at screening and daily&#xD;
      following randomization. Inflammatory lab markers as detailed should be collected once per&#xD;
      day in the morning, preferably at the same time every morning. All enrolled participants will&#xD;
      have whole blood collected for whole genome sequencing.&#xD;
    </textblock>
  </brief_summary>
  <overall_status>Enrolling by invitation</overall_status>
  <start_date type="Actual">April 13, 2020</start_date>
  <completion_date type="Anticipated">August 31, 2020</completion_date>
  <primary_completion_date type="Anticipated">August 1, 2020</primary_completion_date>
  <phase>Phase 3</phase>
  <study_type>Interventional</study_type>
  <study_design_info>
    <allocation>Randomized</allocation>
    <intervention_model>Parallel Assignment</intervention_model>
    <primary_purpose>Treatment</primary_purpose>
    <masking>Triple (Participant, Care Provider, Investigator)</masking>
  </study_design_info>
  <primary_outcome>
    <measure>Time to improvement on a 7-point ordinal scale as compared to baseline</measure>
    <time_frame>14 days or discharge</time_frame>
  </primary_outcome>
  <secondary_outcome>
    <measure>Treatment and prevention of inflammatory lung injury as measured by change in baseline of interleukin-6 (IL-6)</measure>
    <time_frame>14 days or discharge</time_frame>
  </secondary_outcome>
  <secondary_outcome>
    <measure>Rate of Decline of COVID-19 viral load assessed by RT-PCR from nasopharyngeal samples</measure>
    <time_frame>14 days or discharge</time_frame>
  </secondary_outcome>
  <secondary_outcome>
    <measure>In-hospital mortality</measure>
    <time_frame>14 days or discharge</time_frame>
  </secondary_outcome>
  <secondary_outcome>
    <measure>Mean change in NEWS2 score from baseline</measure>
    <time_frame>14 days or discharge</time_frame>
  </secondary_outcome>
  <secondary_outcome>
    <measure>Understand the effect of genetics for treatment response through whole genome sequence of the participant and the COVID-19 virus</measure>
    <time_frame>14 days or discharge</time_frame>
  </secondary_outcome>
  <secondary_outcome>
    <measure>Reduction from baseline of NRS for cough</measure>
    <time_frame>14 days or discharge</time_frame>
  </secondary_outcome>
  <secondary_outcome>
    <measure>Reduction from baseline of NRS for nausea</measure>
    <time_frame>14 days or discharge</time_frame>
  </secondary_outcome>
  <secondary_outcome>
    <measure>Time to normalization of fever for at least 48 hours</measure>
    <time_frame>14 days or discharge</time_frame>
  </secondary_outcome>
  <secondary_outcome>
    <measure>Time to improvement in oxygenation for at least 48 hours</measure>
    <time_frame>14 days or discharge</time_frame>
  </secondary_outcome>
  <number_of_arms>2</number_of_arms>
  <enrollment type="Anticipated">300</enrollment>
  <condition>Coronavirus Infection</condition>
  <arm_group>
    <arm_group_label>Tradipitant</arm_group_label>
    <arm_group_type>Experimental</arm_group_type>
    <description>Tradipitant 85 mg PO BID</description>
  </arm_group>
  <arm_group>
    <arm_group_label>Placebo</arm_group_label>
    <arm_group_type>Placebo Comparator</arm_group_type>
    <description>2 capsules of matching placebo</description>
  </arm_group>
  <intervention>
    <intervention_type>Drug</intervention_type>
    <intervention_name>Tradipitant</intervention_name>
    <description>Neurokinin-1 antagonist</description>
    <arm_group_label>Tradipitant</arm_group_label>
  </intervention>
  <intervention>
    <intervention_type>Drug</intervention_type>
    <intervention_name>Placebo</intervention_name>
    <description>Matching placebo</description>
    <arm_group_label>Placebo</arm_group_label>
  </intervention>
  <eligibility>
    <criteria>
      <textblock>
        Inclusion Criteria:&#xD;
&#xD;
          -  Adults aged 18-90&#xD;
&#xD;
          -  Confirmed laboratory COVID-19 infection by RT-PCR&#xD;
&#xD;
          -  Meeting severe or critical criteria of COVID-19 infection as defined at treating&#xD;
             hospital&#xD;
&#xD;
          -  Confirmed pneumonia by chest radiograph or computed tomography&#xD;
&#xD;
          -  Fever defined as temperature ≥ 36.6 °C armpit, ≥ 37.2 °C oral, or ≥ 37.8 °C rectal&#xD;
&#xD;
          -  Oxygen saturation less than 92%&#xD;
&#xD;
        Exclusion Criteria:&#xD;
&#xD;
          -  Recent use of illicit drugs or alcohol abuse&#xD;
&#xD;
          -  Known allergy to tradipitant or other neurokinin-1 antagonists&#xD;
&#xD;
          -  Pregnancy&#xD;
&#xD;
          -  Known HIV, HBV, or HCV infection&#xD;
&#xD;
          -  Malignant tumor, other serious systemic diseases&#xD;
&#xD;
          -  Inability to provide informed consent or to have an authorized relative or designated&#xD;
             person provide informed consent, or to comply with the protocol requirements&#xD;
      </textblock>
    </criteria>
    <gender>All</gender>
    <minimum_age>18 Years</minimum_age>
    <maximum_age>90 Years</maximum_age>
    <healthy_volunteers>No</healthy_volunteers>
  </eligibility>
  <location>
    <facility>
      <name>Lenox Hill Hospital Northwell Health</name>
      <address>
        <city>New York</city>
        <state>New York</state>
        <zip>10075</zip>
        <country>United States</country>
      </address>
    </facility>
  </location>
  <location_countries>
    <country>United States</country>
  </location_countries>
  <verification_date>April 2020</verification_date>
  <study_first_submitted>March 26, 2020</study_first_submitted>
  <study_first_submitted_qc>March 27, 2020</study_first_submitted_qc>
  <study_first_posted type="Actual">March 30, 2020</study_first_posted>
  <last_update_submitted>April 16, 2020</last_update_submitted>
  <last_update_submitted_qc>April 16, 2020</last_update_submitted_qc>
  <last_update_posted type="Actual">April 20, 2020</last_update_posted>
  <responsible_party>
    <responsible_party_type>Sponsor</responsible_party_type>
  </responsible_party>
  <condition_browse>
    <!-- CAUTION:  The following MeSH terms are assigned with an imperfect algorithm            -->
    <mesh_term>Infection</mesh_term>
    <mesh_term>Communicable Diseases</mesh_term>
    <mesh_term>Coronavirus Infections</mesh_term>
  </condition_browse>
  <!-- Results have not yet been posted for this study                                          -->
</clinical_study>

