<?xml version="1.0" encoding="UTF-8"?>
<clinical_study rank="1815">
  <!-- This xml conforms to an XML Schema at:
    https://clinicaltrials.gov/ct2/html/images/info/public.xsd -->
  <required_header>
    <download_date>ClinicalTrials.gov processed this data on April 23, 2021</download_date>
    <link_text>Link to the current ClinicalTrials.gov record.</link_text>
    <url>https://clinicaltrials.gov/show/NCT04338009</url>
  </required_header>
  <id_info>
    <org_study_id>842810</org_study_id>
    <nct_id>NCT04338009</nct_id>
  </id_info>
  <brief_title>Elimination or Prolongation of ACE Inhibitors and ARB in Coronavirus Disease 2019</brief_title>
  <acronym>REPLACECOVID</acronym>
  <official_title>The Randomized Elimination or Prolongation of Angiotensin Converting Enzyme Inhibitors and Angiotensin Receptor Blockers in Coronavirus Disease 2019</official_title>
  <sponsors>
    <lead_sponsor>
      <agency>University of Pennsylvania</agency>
      <agency_class>Other</agency_class>
    </lead_sponsor>
    <collaborator>
      <agency>Jordana B. Cohen, MD, MSCE</agency>
      <agency_class>Other</agency_class>
    </collaborator>
    <collaborator>
      <agency>Thomas C. Hanff, MD, MPH</agency>
      <agency_class>Other</agency_class>
    </collaborator>
    <collaborator>
      <agency>Division of Cardiology, University of Arizona, Tucson, AZ, USA</agency>
      <agency_class>Other</agency_class>
    </collaborator>
    <collaborator>
      <agency>Department of Medicine, Hospital Nacional Carlos Alberto Seguín Escobedo, Arequipa, Peru</agency>
      <agency_class>Other</agency_class>
    </collaborator>
    <collaborator>
      <agency>Department of Nephrology, Hospital Nacional Edgardo Rebagliati Martins, Lima, Peru</agency>
      <agency_class>Other</agency_class>
    </collaborator>
    <collaborator>
      <agency>Hypertension Unit, Department of Pathology, Hospital Español de Mendoza, National University of Cuyo, IMBECU-CONICET, Mendoza, Argentina</agency>
      <agency_class>Other</agency_class>
    </collaborator>
    <collaborator>
      <agency>Division of Nephrology, Stanford University School of Medicine, Stanford, CA, USA</agency>
      <agency_class>Other</agency_class>
    </collaborator>
    <collaborator>
      <agency>Division of Infectious Diseases, University of Ottawa and The Ottawa Hospital Research Institute, Ottawa, ON, Canada</agency>
      <agency_class>Other</agency_class>
    </collaborator>
    <collaborator>
      <agency>Unidad de VIH, Hospital Civil de Guadalajara and Universidad de Guadalajara, Guadalajara, Mexico</agency>
      <agency_class>Other</agency_class>
    </collaborator>
    <collaborator>
      <agency>Universidad Católica de Buenos Aires, Buenos Aires, Argentina</agency>
      <agency_class>Other</agency_class>
    </collaborator>
    <collaborator>
      <agency>Departamento de Medicina Interna, Hospital Obrero number 3 Caja Nacional de Salud, Santa Cruz de la Sierra, Bolivia</agency>
      <agency_class>Other</agency_class>
    </collaborator>
    <collaborator>
      <agency>Departamento de Medicina, Hospital Alberto Barton Thompson, Callao, Peru</agency>
      <agency_class>Other</agency_class>
    </collaborator>
    <collaborator>
      <agency>Department of Clinical Sciences, Danderyd University Hospital, Karolinska Institutet, Stockholm, Sweden</agency>
      <agency_class>Other</agency_class>
    </collaborator>
    <collaborator>
      <agency>Division of Cardiology, University of Miami Miller School of Medicine, Miami, FL, USA</agency>
      <agency_class>Other</agency_class>
    </collaborator>
    <collaborator>
      <agency>Departamento de Emergencia, Hospital Nacional Edgardo Rebagliati Martins, Lima, Peru</agency>
      <agency_class>Other</agency_class>
    </collaborator>
    <collaborator>
      <agency>Division of Cardiology, Department of Medicine, Hospital Español, Buenos Aires, Argentina</agency>
      <agency_class>Other</agency_class>
    </collaborator>
    <collaborator>
      <agency>Division of Cardiovascular Medicine, University of Michigan Medical School, Ann Arbor, MI, USA</agency>
      <agency_class>Other</agency_class>
    </collaborator>
    <collaborator>
      <agency>Jesse Chittams, MS</agency>
      <agency_class>Other</agency_class>
    </collaborator>
    <collaborator>
      <agency>Division of Nephrology, Department of Medicine, Duke University School of Medicine, Durham, NC, USA</agency>
      <agency_class>Other</agency_class>
    </collaborator>
    <collaborator>
      <agency>Charles R Vasquez, MD</agency>
      <agency_class>Other</agency_class>
    </collaborator>
  </sponsors>
  <source>University of Pennsylvania</source>
  <oversight_info>
    <has_dmc>Yes</has_dmc>
    <is_fda_regulated_drug>No</is_fda_regulated_drug>
    <is_fda_regulated_device>No</is_fda_regulated_device>
  </oversight_info>
  <brief_summary>
    <textblock>
      The severe acute respiratory syndrome coronavirus 2 (SARS-CoV-2), the virus responsible for&#xD;
      coronavirus disease 2019 (COVID-19), is associated with a high incidence of acute respiratory&#xD;
      distress syndrome (ARDS) and death. Hypertension and cardiovascular disease are risk factors&#xD;
      for death in COVID-19. Angiotensin converting enzyme 2 (ACE2), an important component of the&#xD;
      renin-angiotensin system, serves as the binding site of SARS-CoV-2 and facilitates host cell&#xD;
      entry in the lungs. In experimental models, angiotensin converting enzyme inhibitors (ACEIs)&#xD;
      and angiotensin receptor blockers (ARBs) have been shown to increase ACE2 expression in&#xD;
      several organs, potentially promoting viral cell invasion, although these findings are not&#xD;
      consistent across studies. Alternatively, ACEIs and ARBs may actually improve mechanisms of&#xD;
      host defense or hyperinflammation, ultimately reducing organ injury. Finally, ACEIs and ARBs&#xD;
      may have direct renal, pulmonary and cardiac protective benefits in the setting of COVID-19.&#xD;
      Therefore, it is unclear if ACEIs and ARBs may be beneficial or harmful in patients with&#xD;
      COVID-19. Given the high prevalence of hypertension, cardiovascular and renal disease in the&#xD;
      world, the high prevalence of ACEIs or ARBs in these conditions, and the clinical equipoise&#xD;
      regarding the continuation vs. discontinuation of ACEIs/ARBs in the setting of COVID, a&#xD;
      randomized trial is urgently needed. The aim of this trial is to assess the clinical impact&#xD;
      of continuation vs. discontinuation of ACE inhibitors and angiotensin receptor blockers on&#xD;
      outcomes in patients hospitalized with COVID-19.&#xD;
    </textblock>
  </brief_summary>
  <overall_status>Completed</overall_status>
  <start_date type="Actual">March 31, 2020</start_date>
  <completion_date type="Actual">August 20, 2020</completion_date>
  <primary_completion_date type="Actual">August 20, 2020</primary_completion_date>
  <phase>N/A</phase>
  <study_type>Interventional</study_type>
  <has_expanded_access>No</has_expanded_access>
  <study_design_info>
    <allocation>Randomized</allocation>
    <intervention_model>Parallel Assignment</intervention_model>
    <primary_purpose>Treatment</primary_purpose>
    <masking>Single (Participant)</masking>
  </study_design_info>
  <primary_outcome>
    <measure>Hierarchical Composite Endpoint</measure>
    <time_frame>Up to 28 days</time_frame>
    <description>The primary endpoint of the trial will be a global rank based on patient outcomes according to four factors: (1) time to death, (2) the number of days supported by invasive mechanical ventilation or extracorporeal membrane oxygenation (ECMO), (3) the number of days supported by renal replacement therapy or pressor/inotropic therapy, and (4) a modified sequential Organ Failure Assessment (SOFA) score. The modified SOFA score will include the cardiac, respiratory, renal and coagulation domains of the SOFA score.&#xD;
How to interpret the rank?: patients are ranked from worst to best outcomes, such that patients with bad outcomes are ranked at the top and patients who have the best outcomes are ranked at the bottom.</description>
  </primary_outcome>
  <secondary_outcome>
    <measure>All-Cause Death</measure>
    <time_frame>Up to 28 days</time_frame>
  </secondary_outcome>
  <secondary_outcome>
    <measure>Length of Hospital Stay</measure>
    <time_frame>Up to 28 days</time_frame>
    <description>This outcome measurement looked at the median length of hospitalization.</description>
  </secondary_outcome>
  <secondary_outcome>
    <measure>Length of ICU Stay, Invasive Mechanical Ventilation or Extracorporeal Membrane Oxygenation</measure>
    <time_frame>Up to 28 days</time_frame>
  </secondary_outcome>
  <secondary_outcome>
    <measure>AUC SOFA</measure>
    <time_frame>Up to 28 days</time_frame>
    <description>The Area Under the Curve of the modified SOFA (AUC SOFA) from daily measurements, weighted to account for the shorter observation period among patients who die in-hospital.&#xD;
How to interpret the AUC SOFA?: a higher area indicates more severe disease and/or longer hospitalization.The range is 0.1 to 377.3.</description>
  </secondary_outcome>
  <other_outcome>
    <measure>Intensive Care Unit Admission or Respiratory Failure Requiring Mechanical Ventilation.</measure>
    <time_frame>Up to 28 days</time_frame>
    <description>Need to be transferred to an intensive care unit or to supported by a breathing machine</description>
  </other_outcome>
  <other_outcome>
    <measure>Hypotension Requiring Vasopressors, Inotropes or Mechanical Hemodynamic Support</measure>
    <time_frame>Up to 28 days</time_frame>
    <description>Hypotension Requiring Vasopressors, inotropes or mechanical hemodynamic support (ventricular assist device or intra-aortic balloon pump).</description>
  </other_outcome>
  <number_of_arms>2</number_of_arms>
  <enrollment type="Actual">152</enrollment>
  <condition>COVID-19</condition>
  <arm_group>
    <arm_group_label>Discontinuation arm</arm_group_label>
    <arm_group_type>Experimental</arm_group_type>
    <description>The randomized intervention will be the discontinuation of ACEI/ARBs</description>
  </arm_group>
  <arm_group>
    <arm_group_label>Continuation arm</arm_group_label>
    <arm_group_type>Experimental</arm_group_type>
    <description>The randomized intervention will be the continuation of ACEI/ARBs</description>
  </arm_group>
  <intervention>
    <intervention_type>Other</intervention_type>
    <intervention_name>Discontinuation of ARB/ACEI</intervention_name>
    <description>The randomized intervention will be the discontinuation of ACEI/ARBs. In all participants randomized to discontinuation, treating clinicians will be reminded about the medication discontinuation upon discharge and will be prompted to consider re-initiation of the medication at that time if appropriate, per the clinician's discretion.</description>
    <arm_group_label>Discontinuation arm</arm_group_label>
  </intervention>
  <intervention>
    <intervention_type>Other</intervention_type>
    <intervention_name>Continuation of ARB/ACEI</intervention_name>
    <description>The randomized intervention will be the continuation of ACEI/ARBs at the doses previously prescribed for patients during their routine care. Clinicians will be encouraged to continue the randomized treatment but will be allowed to change the dose of ACEI/ARB or discontinue these medications if any compelling clinical reasons are identified (such as hypotension, hyperkalemia, acute kidney injury).</description>
    <arm_group_label>Continuation arm</arm_group_label>
  </intervention>
  <eligibility>
    <criteria>
      <textblock>
        Inclusion Criteria:&#xD;
&#xD;
          1. Age 18 years or older&#xD;
&#xD;
          2. Hospitalization with a suspected diagnosis of COVID-19, based on: (a) A compatible&#xD;
             clinical presentation with a positive laboratory test for SARS-CoV-2, or (b)&#xD;
             Considered by the primary team to be a Person Under Investigation due to undergo&#xD;
             testing for COVID-19 in addition to compatible pulmonary infiltrates on chest x-ray&#xD;
             (mutilobar, intersticial or ground glass opacities).&#xD;
&#xD;
          3. Use of ACEI or ARB as an outpatient prior to hospital admission.&#xD;
&#xD;
        Exclusion Criteria:&#xD;
&#xD;
          1. Systolic blood pressure &lt;100 mmHg.&#xD;
&#xD;
          2. Systolic blood pressure &gt; 180 mmHg or &gt;160 if unable to substitute ACEIs/ARBs for&#xD;
             another antihypertensive class, per the investigator's discretion.&#xD;
&#xD;
          3. Diastolic blood pressure &gt; 110 mmHg&#xD;
&#xD;
          4. Known history of heart failure with reduced ejection fraction (EF &lt;40%) on their most&#xD;
             recent echo and/or clinical heart failure with unknown EF (i.e. no echo in&#xD;
             approximately the past year).&#xD;
&#xD;
          5. Serum K&gt;5.0 mEq/L on admission.&#xD;
&#xD;
          6. Known pregnancy or breastfeeding.&#xD;
&#xD;
          7. eGFR &lt;30 mL/min/1.73m2&#xD;
&#xD;
          8. &gt;50% increase in creatinine (to a creatinine &gt;1.5 mg/dl) compared to most recent&#xD;
             creatinine in the past six months, if available&#xD;
&#xD;
          9. Urine protein-to-creatitine ratio &gt; 3 g/g or proteinuria &gt; 3 g/24-hours within the&#xD;
             past year&#xD;
&#xD;
         10. Ongoing treatment with aliskiren or sacubitril-valsartan.&#xD;
&#xD;
         11. Inability to obtain informed consent from patient.&#xD;
&#xD;
         12. Inability to read and write or lack of access to a smart phone, computer or tablet&#xD;
             device at the time of evaluation.&#xD;
      </textblock>
    </criteria>
    <gender>All</gender>
    <minimum_age>18 Years</minimum_age>
    <maximum_age>N/A</maximum_age>
    <healthy_volunteers>No</healthy_volunteers>
  </eligibility>
  <location>
    <facility>
      <name>University of Pennsylvania Health System</name>
      <address>
        <city>Philadelphia</city>
        <state>Pennsylvania</state>
        <zip>19104</zip>
        <country>United States</country>
      </address>
    </facility>
  </location>
  <location_countries>
    <country>United States</country>
  </location_countries>
  <reference>
    <citation>Wu Z, McGoogan JM. Characteristics of and Important Lessons From the Coronavirus Disease 2019 (COVID-19) Outbreak in China: Summary of a Report of 72 314 Cases From the Chinese Center for Disease Control and Prevention. JAMA. 2020 Apr 7;323(13):1239-1242. doi: 10.1001/jama.2020.2648.</citation>
    <PMID>32091533</PMID>
  </reference>
  <reference>
    <citation>Zhou F, Yu T, Du R, Fan G, Liu Y, Liu Z, Xiang J, Wang Y, Song B, Gu X, Guan L, Wei Y, Li H, Wu X, Xu J, Tu S, Zhang Y, Chen H, Cao B. Clinical course and risk factors for mortality of adult inpatients with COVID-19 in Wuhan, China: a retrospective cohort study. Lancet. 2020 Mar 28;395(10229):1054-1062. doi: 10.1016/S0140-6736(20)30566-3. Epub 2020 Mar 11. Erratum in: Lancet. 2020 Mar 28;395(10229):1038. Lancet. 2020 Mar 28;395(10229):1038.</citation>
    <PMID>32171076</PMID>
  </reference>
  <reference>
    <citation>Guan WJ, Ni ZY, Hu Y, Liang WH, Ou CQ, He JX, Liu L, Shan H, Lei CL, Hui DSC, Du B, Li LJ, Zeng G, Yuen KY, Chen RC, Tang CL, Wang T, Chen PY, Xiang J, Li SY, Wang JL, Liang ZJ, Peng YX, Wei L, Liu Y, Hu YH, Peng P, Wang JM, Liu JY, Chen Z, Li G, Zheng ZJ, Qiu SQ, Luo J, Ye CJ, Zhu SY, Zhong NS; China Medical Treatment Expert Group for Covid-19. Clinical Characteristics of Coronavirus Disease 2019 in China. N Engl J Med. 2020 Apr 30;382(18):1708-1720. doi: 10.1056/NEJMoa2002032. Epub 2020 Feb 28.</citation>
    <PMID>32109013</PMID>
  </reference>
  <reference>
    <citation>Wu C, Chen X, Cai Y, Xia J, Zhou X, Xu S, Huang H, Zhang L, Zhou X, Du C, Zhang Y, Song J, Wang S, Chao Y, Yang Z, Xu J, Zhou X, Chen D, Xiong W, Xu L, Zhou F, Jiang J, Bai C, Zheng J, Song Y. Risk Factors Associated With Acute Respiratory Distress Syndrome and Death in Patients With Coronavirus Disease 2019 Pneumonia in Wuhan, China. JAMA Intern Med. 2020 Jul 1;180(7):934-943. doi: 10.1001/jamainternmed.2020.0994. Erratum in: JAMA Intern Med. 2020 Jul 1;180(7):1031.</citation>
    <PMID>32167524</PMID>
  </reference>
  <reference>
    <citation>Forouzanfar MH, Liu P, Roth GA, Ng M, Biryukov S, Marczak L, Alexander L, Estep K, Hassen Abate K, Akinyemiju TF, Ali R, Alvis-Guzman N, Azzopardi P, Banerjee A, Bärnighausen T, Basu A, Bekele T, Bennett DA, Biadgilign S, Catalá-López F, Feigin VL, Fernandes JC, Fischer F, Gebru AA, Gona P, Gupta R, Hankey GJ, Jonas JB, Judd SE, Khang YH, Khosravi A, Kim YJ, Kimokoti RW, Kokubo Y, Kolte D, Lopez A, Lotufo PA, Malekzadeh R, Melaku YA, Mensah GA, Misganaw A, Mokdad AH, Moran AE, Nawaz H, Neal B, Ngalesoni FN, Ohkubo T, Pourmalek F, Rafay A, Rai RK, Rojas-Rueda D, Sampson UK, Santos IS, Sawhney M, Schutte AE, Sepanlou SG, Shifa GT, Shiue I, Tedla BA, Thrift AG, Tonelli M, Truelsen T, Tsilimparis N, Ukwaja KN, Uthman OA, Vasankari T, Venketasubramanian N, Vlassov VV, Vos T, Westerman R, Yan LL, Yano Y, Yonemoto N, Zaki ME, Murray CJ. Global Burden of Hypertension and Systolic Blood Pressure of at Least 110 to 115 mm Hg, 1990-2015. JAMA. 2017 Jan 10;317(2):165-182. doi: 10.1001/jama.2016.19043. Erratum in: JAMA. 2017 Feb 14;317(6):648.</citation>
    <PMID>28097354</PMID>
  </reference>
  <reference>
    <citation>Hoffmann M, Kleine-Weber H, Schroeder S, Krüger N, Herrler T, Erichsen S, Schiergens TS, Herrler G, Wu NH, Nitsche A, Müller MA, Drosten C, Pöhlmann S. SARS-CoV-2 Cell Entry Depends on ACE2 and TMPRSS2 and Is Blocked by a Clinically Proven Protease Inhibitor. Cell. 2020 Apr 16;181(2):271-280.e8. doi: 10.1016/j.cell.2020.02.052. Epub 2020 Mar 5.</citation>
    <PMID>32142651</PMID>
  </reference>
  <reference>
    <citation>Hamming I, Timens W, Bulthuis ML, Lely AT, Navis G, van Goor H. Tissue distribution of ACE2 protein, the functional receptor for SARS coronavirus. A first step in understanding SARS pathogenesis. J Pathol. 2004 Jun;203(2):631-7.</citation>
    <PMID>15141377</PMID>
  </reference>
  <reference>
    <citation>Ferrario CM, Jessup J, Chappell MC, Averill DB, Brosnihan KB, Tallant EA, Diz DI, Gallagher PE. Effect of angiotensin-converting enzyme inhibition and angiotensin II receptor blockers on cardiac angiotensin-converting enzyme 2. Circulation. 2005 May 24;111(20):2605-10. Epub 2005 May 16.</citation>
    <PMID>15897343</PMID>
  </reference>
  <reference>
    <citation>Ocaranza MP, Godoy I, Jalil JE, Varas M, Collantes P, Pinto M, Roman M, Ramirez C, Copaja M, Diaz-Araya G, Castro P, Lavandero S. Enalapril attenuates downregulation of Angiotensin-converting enzyme 2 in the late phase of ventricular dysfunction in myocardial infarcted rat. Hypertension. 2006 Oct;48(4):572-8. Epub 2006 Aug 14.</citation>
    <PMID>16908757</PMID>
  </reference>
  <reference>
    <citation>Ishiyama Y, Gallagher PE, Averill DB, Tallant EA, Brosnihan KB, Ferrario CM. Upregulation of angiotensin-converting enzyme 2 after myocardial infarction by blockade of angiotensin II receptors. Hypertension. 2004 May;43(5):970-6. Epub 2004 Mar 8.</citation>
    <PMID>15007027</PMID>
  </reference>
  <reference>
    <citation>Soler MJ, Ye M, Wysocki J, William J, Lloveras J, Batlle D. Localization of ACE2 in the renal vasculature: amplification by angiotensin II type 1 receptor blockade using telmisartan. Am J Physiol Renal Physiol. 2009 Feb;296(2):F398-405. doi: 10.1152/ajprenal.90488.2008. Epub 2008 Nov 12.</citation>
    <PMID>19004932</PMID>
  </reference>
  <reference>
    <citation>Burrell LM, Risvanis J, Kubota E, Dean RG, MacDonald PS, Lu S, Tikellis C, Grant SL, Lew RA, Smith AI, Cooper ME, Johnston CI. Myocardial infarction increases ACE2 expression in rat and humans. Eur Heart J. 2005 Feb;26(4):369-75; discussion 322-4. Epub 2005 Jan 25.</citation>
    <PMID>15671045</PMID>
  </reference>
  <reference>
    <citation>Burchill LJ, Velkoska E, Dean RG, Griggs K, Patel SK, Burrell LM. Combination renin-angiotensin system blockade and angiotensin-converting enzyme 2 in experimental myocardial infarction: implications for future therapeutic directions. Clin Sci (Lond). 2012 Dec;123(11):649-58. doi: 10.1042/CS20120162.</citation>
    <PMID>22715807</PMID>
  </reference>
  <reference>
    <citation>Walters TE, Kalman JM, Patel SK, Mearns M, Velkoska E, Burrell LM. Angiotensin converting enzyme 2 activity and human atrial fibrillation: increased plasma angiotensin converting enzyme 2 activity is associated with atrial fibrillation and more advanced left atrial structural remodelling. Europace. 2017 Aug 1;19(8):1280-1287. doi: 10.1093/europace/euw246.</citation>
    <PMID>27738071</PMID>
  </reference>
  <reference>
    <citation>Ramchand J, Patel SK, Srivastava PM, Farouque O, Burrell LM. Elevated plasma angiotensin converting enzyme 2 activity is an independent predictor of major adverse cardiac events in patients with obstructive coronary artery disease. PLoS One. 2018 Jun 13;13(6):e0198144. doi: 10.1371/journal.pone.0198144. eCollection 2018.</citation>
    <PMID>29897923</PMID>
  </reference>
  <reference>
    <citation>Kuba K, Imai Y, Rao S, Gao H, Guo F, Guan B, Huan Y, Yang P, Zhang Y, Deng W, Bao L, Zhang B, Liu G, Wang Z, Chappell M, Liu Y, Zheng D, Leibbrandt A, Wada T, Slutsky AS, Liu D, Qin C, Jiang C, Penninger JM. A crucial role of angiotensin converting enzyme 2 (ACE2) in SARS coronavirus-induced lung injury. Nat Med. 2005 Aug;11(8):875-9. Epub 2005 Jul 10.</citation>
    <PMID>16007097</PMID>
  </reference>
  <reference>
    <citation>Henry C, Zaizafoun M, Stock E, Ghamande S, Arroliga AC, White HD. Impact of angiotensin-converting enzyme inhibitors and statins on viral pneumonia. Proc (Bayl Univ Med Cent). 2018 Oct 26;31(4):419-423. doi: 10.1080/08998280.2018.1499293. eCollection 2018 Oct.</citation>
    <PMID>30948970</PMID>
  </reference>
  <reference>
    <citation>Gu Q, Burt VL, Dillon CF, Yoon S. Trends in antihypertensive medication use and blood pressure control among United States adults with hypertension: the National Health And Nutrition Examination Survey, 2001 to 2010. Circulation. 2012 Oct 23;126(17):2105-14. doi: 10.1161/CIRCULATIONAHA.112.096156.</citation>
    <PMID>23091084</PMID>
  </reference>
  <reference>
    <citation>Buczko W, Kubik A, Kucharewicz I, Chabielska E. Antithrombotic effect of captopril and enalapril in young rats. Pol J Pharmacol. 2004 Jan-Feb;56(1):97-104.</citation>
    <PMID>15047983</PMID>
  </reference>
  <reference>
    <citation>Remková A, Kratochvílová H. Effect of the angiotensin-converting enzyme inhibitor perindopril on haemostasis in essential hypertension. Blood Coagul Fibrinolysis. 2000 Oct;11(7):641-4.</citation>
    <PMID>11085284</PMID>
  </reference>
  <reference>
    <citation>Senchenkova EY, Russell J, Esmon CT, Granger DN. Roles of Coagulation and fibrinolysis in angiotensin II-enhanced microvascular thrombosis. Microcirculation. 2014 Jul;21(5):401-7. doi: 10.1111/micc.12120.</citation>
    <PMID>24495184</PMID>
  </reference>
  <reference>
    <citation>Wojewódzka-Zelezniakowicz M, Chabielska E, Mogielnicki A, Kramkowski K, Karp A, Opadczuk A, Domaniewski T, Malinowska-Zaprzałka M, Buczko W. Antithrombotic effect of tissue and plasma type angiotensin converting enzyme inhibitors in experimental thrombosis in rats. J Physiol Pharmacol. 2006 Jun;57(2):231-45.</citation>
    <PMID>16845228</PMID>
  </reference>
  <reference>
    <citation>Mehta RL, Kellum JA, Shah SV, Molitoris BA, Ronco C, Warnock DG, Levin A; Acute Kidney Injury Network. Acute Kidney Injury Network: report of an initiative to improve outcomes in acute kidney injury. Crit Care. 2007;11(2):R31.</citation>
    <PMID>17331245</PMID>
  </reference>
  <reference>
    <citation>Bateman BT, Patorno E, Desai RJ, Seely EW, Mogun H, Dejene SZ, Fischer MA, Friedman AM, Hernandez-Diaz S, Huybrechts KF. Angiotensin-Converting Enzyme Inhibitors and the Risk of Congenital Malformations. Obstet Gynecol. 2017 Jan;129(1):174-184. doi: 10.1097/AOG.0000000000001775.</citation>
    <PMID>27926639</PMID>
  </reference>
  <reference>
    <citation>Moretti ME, Caprara D, Drehuta I, Yeung E, Cheung S, Federico L, Koren G. The Fetal Safety of Angiotensin Converting Enzyme Inhibitors and Angiotensin II Receptor Blockers. Obstet Gynecol Int. 2012;2012:658310. doi: 10.1155/2012/658310. Epub 2011 Dec 13.</citation>
    <PMID>22203847</PMID>
  </reference>
  <reference>
    <citation>Chow SC, Shao J, Wang H. Sample Size Calculations in Clinical Research. 2nd Edition ed. New York: Dekker; 2008.</citation>
  </reference>
  <reference>
    <citation>Julious SA. Sample sizes for clinical trials with normal data. Stat Med. 2004 Jun 30;23(12):1921-86. Review.</citation>
    <PMID>15195324</PMID>
  </reference>
  <reference>
    <citation>PASS 16 Power Analysis and Sample Size Software. NCSS, LLC. Kaysville, Utah, USA, ncss.com/software/pass. 2018.</citation>
  </reference>
  <reference>
    <citation>Willan AR, Pater JL. Carryover and the two-period crossover clinical trial. Biometrics. 1986 Sep;42(3):593-9.</citation>
    <PMID>3567292</PMID>
  </reference>
  <reference>
    <citation>Brown BW Jr. The crossover experiment for clinical trials. Biometrics. 1980 Mar;36(1):69-79.</citation>
    <PMID>7370374</PMID>
  </reference>
  <reference>
    <citation>GRIZZLE JE. THE TWO-PERIOD CHANGE-OVER DESIGN AN ITS USE IN CLINICAL TRIALS. Biometrics. 1965 Jun;21:467-80.</citation>
    <PMID>14338679</PMID>
  </reference>
  <reference>
    <citation>Laird NM, Ware JH. Random-effects models for longitudinal data. Biometrics. 1982 Dec;38(4):963-74.</citation>
    <PMID>7168798</PMID>
  </reference>
  <reference>
    <citation>Therneau TM, Grambsch PM. Modeling Survival Data: Extending the Cox Model. In: Statistics for Biology and Health. New York, NY: Springer; 2001.</citation>
  </reference>
  <reference>
    <citation>Little RJ. Modeling the drop-out mechanism in repeated-measures studies. Journal of the American Statistical Association. 1995;90:1112-1121.</citation>
  </reference>
  <reference>
    <citation>Xie X, Chen J, Wang X, Zhang F, Liu Y. Age- and gender-related difference of ACE2 expression in rat lung. Life Sci. 2006 Apr 4;78(19):2166-71. Epub 2005 Nov 21. Erratum in: Life Sci. 2006 Nov 25;79(26):2499. Xudong, Xie [corrected to Xie, Xudong]; Junzhu, Chen [corrected to Chen, Junzhu]; Xingxiang, Wang [corrected to Wang, Xingxiang]; Furong, Zhang [corrected to Zhang, Furong]; Yanrong, Liu [corrected to Liu, Yanrong].</citation>
    <PMID>16303146</PMID>
  </reference>
  <reference>
    <citation>Wright JT Jr, Dunn JK, Cutler JA, Davis BR, Cushman WC, Ford CE, Haywood LJ, Leenen FH, Margolis KL, Papademetriou V, Probstfield JL, Whelton PK, Habib GB; ALLHAT Collaborative Research Group. Outcomes in hypertensive black and nonblack patients treated with chlorthalidone, amlodipine, and lisinopril. JAMA. 2005 Apr 6;293(13):1595-608.</citation>
    <PMID>15811979</PMID>
  </reference>
  <reference>
    <citation>Gurwitz D. Angiotensin receptor blockers as tentative SARS-CoV-2 therapeutics. Drug Dev Res. 2020 Aug;81(5):537-540. doi: 10.1002/ddr.21656. Epub 2020 Mar 4.</citation>
    <PMID>32129518</PMID>
  </reference>
  <reference>
    <citation>Pflugfelder PW, Baird MG, Tonkon MJ, DiBianco R, Pitt B. Clinical consequences of angiotensin-converting enzyme inhibitor withdrawal in chronic heart failure: a double-blind, placebo-controlled study of quinapril. The Quinapril Heart Failure Trial Investigators. J Am Coll Cardiol. 1993 Nov 15;22(6):1557-63.</citation>
    <PMID>8227822</PMID>
  </reference>
  <reference>
    <citation>Beeftink MM, van der Sande NG, Bots ML, Doevendans PA, Blankestijn PJ, Visseren FL, Voskuil M, Spiering W. Safety of Temporary Discontinuation of Antihypertensive Medication in Patients With Difficult-to-Control Hypertension. Hypertension. 2017 May;69(5):927-932. doi: 10.1161/HYPERTENSIONAHA.116.08793. Epub 2017 Apr 3.</citation>
    <PMID>28373591</PMID>
  </reference>
  <verification_date>April 2021</verification_date>
  <study_first_submitted>April 1, 2020</study_first_submitted>
  <study_first_submitted_qc>April 7, 2020</study_first_submitted_qc>
  <study_first_posted type="Actual">April 8, 2020</study_first_posted>
  <results_first_submitted>January 28, 2021</results_first_submitted>
  <results_first_submitted_qc>April 7, 2021</results_first_submitted_qc>
  <results_first_posted type="Actual">April 9, 2021</results_first_posted>
  <last_update_submitted>April 7, 2021</last_update_submitted>
  <last_update_submitted_qc>April 7, 2021</last_update_submitted_qc>
  <last_update_posted type="Actual">April 9, 2021</last_update_posted>
  <responsible_party>
    <responsible_party_type>Principal Investigator</responsible_party_type>
    <investigator_affiliation>University of Pennsylvania</investigator_affiliation>
    <investigator_full_name>Julio A. Chirinos</investigator_full_name>
    <investigator_title>Associate Professor of Medicine at the Hospital of the University of Pennsylvania</investigator_title>
  </responsible_party>
  <condition_browse>
    <!-- CAUTION:  The following MeSH terms are assigned with an imperfect algorithm            -->
    <mesh_term>Coronavirus Infections</mesh_term>
  </condition_browse>
  <intervention_browse>
    <!-- CAUTION:  The following MeSH terms are assigned with an imperfect algorithm            -->
    <mesh_term>Angiotensin-Converting Enzyme Inhibitors</mesh_term>
  </intervention_browse>
  <patient_data>
    <sharing_ipd>No</sharing_ipd>
    <ipd_description>Not making it available</ipd_description>
  </patient_data>
  <provided_document_section>
    <provided_document>
      <document_type>Study Protocol and Statistical Analysis Plan</document_type>
      <document_has_protocol>Yes</document_has_protocol>
      <document_has_icf>No</document_has_icf>
      <document_has_sap>Yes</document_has_sap>
      <document_date>April 1, 2020</document_date>
      <document_url>https://ClinicalTrials.gov/ProvidedDocs/09/NCT04338009/Prot_SAP_000.pdf</document_url>
    </provided_document>
  </provided_document_section>

  <clinical_results>

    <participant_flow>
      <group_list>
        <group group_id="P1">
          <title>Discontinuation Arm</title>
          <description>The randomized intervention will be the discontinuation of ACEI/ARBs&#xD;
Discontinuation of ARB/ACEI: The randomized intervention will be the discontinuation of ACEI/ARBs. In all participants randomized to discontinuation, treating clinicians will be reminded about the medication discontinuation upon discharge and will be prompted to consider re-initiation of the medication at that time if appropriate, per the clinician's discretion.</description>
        </group>
        <group group_id="P2">
          <title>Continuation Arm</title>
          <description>The randomized intervention will be the continuation of ACEI/ARBs&#xD;
Continuation of ARB/ACEI: The randomized intervention will be the continuation of ACEI/ARBs at the doses previously prescribed for patients during their routine care. Clinicians will be encouraged to continue the randomized treatment but will be allowed to change the dose of ACEI/ARB or discontinue these medications if any compelling clinical reasons are identified (such as hypotension, hyperkalemia, acute kidney injury).</description>
        </group>
      </group_list>
      <period_list>
        <period>
          <title>Overall Study</title>
          <milestone_list>
            <milestone>
              <title>STARTED</title>
              <participants_list>
                <participants group_id="P1" count="77"/>
                <participants group_id="P2" count="75"/>
              </participants_list>
            </milestone>
            <milestone>
              <title>COMPLETED</title>
              <participants_list>
                <participants group_id="P1" count="77"/>
                <participants group_id="P2" count="75"/>
              </participants_list>
            </milestone>
            <milestone>
              <title>NOT COMPLETED</title>
              <participants_list>
                <participants group_id="P1" count="0"/>
                <participants group_id="P2" count="0"/>
              </participants_list>
            </milestone>
          </milestone_list>
        </period>
      </period_list>
    </participant_flow>

    <baseline>
      <group_list>
        <group group_id="B1">
          <title>Discontinuation Arm</title>
          <description>The randomized intervention will be the discontinuation of ACEI/ARBs&#xD;
Discontinuation of ARB/ACEI: The randomized intervention will be the discontinuation of ACEI/ARBs. In all participants randomized to discontinuation, treating clinicians will be reminded about the medication discontinuation upon discharge and will be prompted to consider re-initiation of the medication at that time if appropriate, per the clinician's discretion.</description>
        </group>
        <group group_id="B2">
          <title>Continuation Arm</title>
          <description>The randomized intervention will be the continuation of ACEI/ARBs&#xD;
Continuation of ARB/ACEI: The randomized intervention will be the continuation of ACEI/ARBs at the doses previously prescribed for patients during their routine care. Clinicians will be encouraged to continue the randomized treatment but will be allowed to change the dose of ACEI/ARB or discontinue these medications if any compelling clinical reasons are identified (such as hypotension, hyperkalemia, acute kidney injury).</description>
        </group>
        <group group_id="B3">
          <title>Total</title>
          <description>Total of all reporting groups</description>
        </group>
      </group_list>
      <analyzed_list>
        <analyzed>
          <units>Participants</units>
          <scope>Overall</scope>
          <count_list>
            <count group_id="B1" value="77"/>
            <count group_id="B2" value="75"/>
            <count group_id="B3" value="152"/>
          </count_list>
        </analyzed>
      </analyzed_list>
      <measure_list>
        <measure>
          <title>Age, Customized</title>
          <units>years</units>
          <param>Mean</param>
          <dispersion>Standard Deviation</dispersion>
          <class_list>
            <class>
              <title>Age</title>
              <category_list>
                <category>
                  <measurement_list>
                    <measurement group_id="B1" value="62" spread="12"/>
                    <measurement group_id="B2" value="62" spread="12"/>
                    <measurement group_id="B3" value="62" spread="12"/>
                  </measurement_list>
                </category>
              </category_list>
            </class>
          </class_list>
        </measure>
        <measure>
          <title>Sex: Female, Male</title>
          <units>Participants</units>
          <param>Count of Participants</param>
          <class_list>
            <class>
              <category_list>
                <category>
                  <title>Female</title>
                  <measurement_list>
                    <measurement group_id="B1" value="35"/>
                    <measurement group_id="B2" value="33"/>
                    <measurement group_id="B3" value="68"/>
                  </measurement_list>
                </category>
                <category>
                  <title>Male</title>
                  <measurement_list>
                    <measurement group_id="B1" value="42"/>
                    <measurement group_id="B2" value="42"/>
                    <measurement group_id="B3" value="84"/>
                  </measurement_list>
                </category>
              </category_list>
            </class>
          </class_list>
        </measure>
        <measure>
          <title>Ethnicity (NIH/OMB)</title>
          <units>Participants</units>
          <param>Count of Participants</param>
          <class_list>
            <class>
              <category_list>
                <category>
                  <title>Hispanic or Latino</title>
                  <measurement_list>
                    <measurement group_id="B1" value="42"/>
                    <measurement group_id="B2" value="40"/>
                    <measurement group_id="B3" value="82"/>
                  </measurement_list>
                </category>
                <category>
                  <title>Not Hispanic or Latino</title>
                  <measurement_list>
                    <measurement group_id="B1" value="35"/>
                    <measurement group_id="B2" value="35"/>
                    <measurement group_id="B3" value="70"/>
                  </measurement_list>
                </category>
                <category>
                  <title>Unknown or Not Reported</title>
                  <measurement_list>
                    <measurement group_id="B1" value="0"/>
                    <measurement group_id="B2" value="0"/>
                    <measurement group_id="B3" value="0"/>
                  </measurement_list>
                </category>
              </category_list>
            </class>
          </class_list>
        </measure>
        <measure>
          <title>Hypertension</title>
          <units>Participants</units>
          <param>Count of Participants</param>
          <class_list>
            <class>
              <title>ACEI therapy (as opposed to ARB)*</title>
              <category_list>
                <category>
                  <measurement_list>
                    <measurement group_id="B1" value="38"/>
                    <measurement group_id="B2" value="25"/>
                    <measurement group_id="B3" value="63"/>
                  </measurement_list>
                </category>
              </category_list>
            </class>
            <class>
              <title>Lowest recommended ACEI or ARB dose</title>
              <category_list>
                <category>
                  <measurement_list>
                    <measurement group_id="B1" value="14"/>
                    <measurement group_id="B2" value="14"/>
                    <measurement group_id="B3" value="28"/>
                  </measurement_list>
                </category>
              </category_list>
            </class>
            <class>
              <title>Calcium channel blocker therapy</title>
              <category_list>
                <category>
                  <measurement_list>
                    <measurement group_id="B1" value="26"/>
                    <measurement group_id="B2" value="20"/>
                    <measurement group_id="B3" value="46"/>
                  </measurement_list>
                </category>
              </category_list>
            </class>
            <class>
              <title>Diuretic therapy</title>
              <category_list>
                <category>
                  <measurement_list>
                    <measurement group_id="B1" value="21"/>
                    <measurement group_id="B2" value="25"/>
                    <measurement group_id="B3" value="46"/>
                  </measurement_list>
                </category>
              </category_list>
            </class>
            <class>
              <title>β blocker therapy</title>
              <category_list>
                <category>
                  <measurement_list>
                    <measurement group_id="B1" value="14"/>
                    <measurement group_id="B2" value="11"/>
                    <measurement group_id="B3" value="25"/>
                  </measurement_list>
                </category>
              </category_list>
            </class>
          </class_list>
        </measure>
        <measure>
          <title>Diabetes</title>
          <units>Participants</units>
          <param>Count of Participants</param>
          <class_list>
            <class>
              <title>Insulin Therapy</title>
              <category_list>
                <category>
                  <measurement_list>
                    <measurement group_id="B1" value="16"/>
                    <measurement group_id="B2" value="20"/>
                    <measurement group_id="B3" value="36"/>
                  </measurement_list>
                </category>
              </category_list>
            </class>
            <class>
              <title>No insulin therapy</title>
              <category_list>
                <category>
                  <measurement_list>
                    <measurement group_id="B1" value="11"/>
                    <measurement group_id="B2" value="22"/>
                    <measurement group_id="B3" value="33"/>
                  </measurement_list>
                </category>
              </category_list>
            </class>
          </class_list>
        </measure>
        <measure>
          <title>Dyslipidemia</title>
          <units>Participants</units>
          <param>Count of Participants</param>
          <class_list>
            <class>
              <category_list>
                <category>
                  <measurement_list>
                    <measurement group_id="B1" value="32"/>
                    <measurement group_id="B2" value="34"/>
                    <measurement group_id="B3" value="66"/>
                  </measurement_list>
                </category>
              </category_list>
            </class>
          </class_list>
        </measure>
        <measure>
          <title>Pre-existing cardiac disease</title>
          <units>Participants</units>
          <param>Count of Participants</param>
          <class_list>
            <class>
              <category_list>
                <category>
                  <measurement_list>
                    <measurement group_id="B1" value="14"/>
                    <measurement group_id="B2" value="10"/>
                    <measurement group_id="B3" value="24"/>
                  </measurement_list>
                </category>
              </category_list>
            </class>
          </class_list>
        </measure>
        <measure>
          <title>Ischemic heart disease</title>
          <units>Participants</units>
          <param>Count of Participants</param>
          <class_list>
            <class>
              <category_list>
                <category>
                  <measurement_list>
                    <measurement group_id="B1" value="12"/>
                    <measurement group_id="B2" value="6"/>
                    <measurement group_id="B3" value="18"/>
                  </measurement_list>
                </category>
              </category_list>
            </class>
          </class_list>
        </measure>
        <measure>
          <title>Heart Failure</title>
          <units>Participants</units>
          <param>Count of Participants</param>
          <class_list>
            <class>
              <category_list>
                <category>
                  <measurement_list>
                    <measurement group_id="B1" value="3"/>
                    <measurement group_id="B2" value="3"/>
                    <measurement group_id="B3" value="6"/>
                  </measurement_list>
                </category>
              </category_list>
            </class>
          </class_list>
        </measure>
        <measure>
          <title>Atrial fibrillation</title>
          <units>Participants</units>
          <param>Count of Participants</param>
          <class_list>
            <class>
              <category_list>
                <category>
                  <measurement_list>
                    <measurement group_id="B1" value="0"/>
                    <measurement group_id="B2" value="3"/>
                    <measurement group_id="B3" value="3"/>
                  </measurement_list>
                </category>
              </category_list>
            </class>
          </class_list>
        </measure>
        <measure>
          <title>Previous PE or DVT</title>
          <description>PE: pulmonary embolism DVT: deep vein thrombosis</description>
          <units>Participants</units>
          <param>Count of Participants</param>
          <class_list>
            <class>
              <category_list>
                <category>
                  <measurement_list>
                    <measurement group_id="B1" value="3"/>
                    <measurement group_id="B2" value="1"/>
                    <measurement group_id="B3" value="4"/>
                  </measurement_list>
                </category>
              </category_list>
            </class>
          </class_list>
        </measure>
        <measure>
          <title>Obstructive sleep apnea</title>
          <units>Participants</units>
          <param>Count of Participants</param>
          <class_list>
            <class>
              <category_list>
                <category>
                  <measurement_list>
                    <measurement group_id="B1" value="10"/>
                    <measurement group_id="B2" value="7"/>
                    <measurement group_id="B3" value="17"/>
                  </measurement_list>
                </category>
              </category_list>
            </class>
          </class_list>
        </measure>
        <measure>
          <title>Chronic pulmonary disease</title>
          <units>Participants</units>
          <param>Count of Participants</param>
          <class_list>
            <class>
              <category_list>
                <category>
                  <measurement_list>
                    <measurement group_id="B1" value="17"/>
                    <measurement group_id="B2" value="9"/>
                    <measurement group_id="B3" value="26"/>
                  </measurement_list>
                </category>
              </category_list>
            </class>
          </class_list>
        </measure>
        <measure>
          <title>Current Smoker</title>
          <units>Participants</units>
          <param>Count of Participants</param>
          <class_list>
            <class>
              <category_list>
                <category>
                  <measurement_list>
                    <measurement group_id="B1" value="8"/>
                    <measurement group_id="B2" value="5"/>
                    <measurement group_id="B3" value="13"/>
                  </measurement_list>
                </category>
              </category_list>
            </class>
          </class_list>
        </measure>
        <measure>
          <title>Illicit drug use</title>
          <units>Participants</units>
          <param>Count of Participants</param>
          <class_list>
            <class>
              <category_list>
                <category>
                  <measurement_list>
                    <measurement group_id="B1" value="3"/>
                    <measurement group_id="B2" value="2"/>
                    <measurement group_id="B3" value="5"/>
                  </measurement_list>
                </category>
              </category_list>
            </class>
          </class_list>
        </measure>
        <measure>
          <title>Dyspnoea</title>
          <units>Participants</units>
          <param>Count of Participants</param>
          <class_list>
            <class>
              <category_list>
                <category>
                  <measurement_list>
                    <measurement group_id="B1" value="66"/>
                    <measurement group_id="B2" value="66"/>
                    <measurement group_id="B3" value="132"/>
                  </measurement_list>
                </category>
              </category_list>
            </class>
          </class_list>
        </measure>
        <measure>
          <title>Cough</title>
          <units>Participants</units>
          <param>Count of Participants</param>
          <class_list>
            <class>
              <category_list>
                <category>
                  <measurement_list>
                    <measurement group_id="B1" value="58"/>
                    <measurement group_id="B2" value="59"/>
                    <measurement group_id="B3" value="117"/>
                  </measurement_list>
                </category>
              </category_list>
            </class>
          </class_list>
        </measure>
        <measure>
          <title>Multifocal infiltrates on chest x-ray or CT</title>
          <units>Participants</units>
          <param>Count of Participants</param>
          <class_list>
            <class>
              <category_list>
                <category>
                  <measurement_list>
                    <measurement group_id="B1" value="43"/>
                    <measurement group_id="B2" value="48"/>
                    <measurement group_id="B3" value="91"/>
                  </measurement_list>
                </category>
              </category_list>
            </class>
          </class_list>
        </measure>
        <measure>
          <title>Oxygen saturation</title>
          <description>Taken with pulse oximeter, usually affixed onto right index finger. Measures the amount of oxygen in a subject's blood. A higher percentage is preferred.</description>
          <units>% of oxygen in blood</units>
          <param>Mean</param>
          <dispersion>Standard Deviation</dispersion>
          <class_list>
            <class>
              <category_list>
                <category>
                  <measurement_list>
                    <measurement group_id="B1" value="92" spread="5"/>
                    <measurement group_id="B2" value="92" spread="8"/>
                    <measurement group_id="B3" value="92" spread="7"/>
                  </measurement_list>
                </category>
              </category_list>
            </class>
          </class_list>
        </measure>
        <measure>
          <title>Oxygen supplementation</title>
          <description>Refers to the number of subjects requiring supplemental oxygen (given to maintain adequate levels of blood oxygenation).</description>
          <units>number of subjects requiring extra O2</units>
          <param>Number</param>
          <class_list>
            <class>
              <category_list>
                <category>
                  <measurement_list>
                    <measurement group_id="B1" value="60"/>
                    <measurement group_id="B2" value="63"/>
                    <measurement group_id="B3" value="61"/>
                  </measurement_list>
                </category>
              </category_list>
            </class>
          </class_list>
        </measure>
        <measure>
          <title>Systolic BP</title>
          <units>mmHg</units>
          <param>Mean</param>
          <dispersion>Standard Deviation</dispersion>
          <class_list>
            <class>
              <category_list>
                <category>
                  <measurement_list>
                    <measurement group_id="B1" value="133" spread="22"/>
                    <measurement group_id="B2" value="129" spread="19"/>
                    <measurement group_id="B3" value="131" spread="20"/>
                  </measurement_list>
                </category>
              </category_list>
            </class>
          </class_list>
        </measure>
        <measure>
          <title>Diastolic BP</title>
          <units>mmHg</units>
          <param>Mean</param>
          <dispersion>Standard Deviation</dispersion>
          <class_list>
            <class>
              <category_list>
                <category>
                  <measurement_list>
                    <measurement group_id="B1" value="77" spread="12"/>
                    <measurement group_id="B2" value="75" spread="13"/>
                    <measurement group_id="B3" value="76" spread="12"/>
                  </measurement_list>
                </category>
              </category_list>
            </class>
          </class_list>
        </measure>
        <measure>
          <title>Heart rate</title>
          <units>bpm</units>
          <param>Mean</param>
          <dispersion>Standard Deviation</dispersion>
          <class_list>
            <class>
              <category_list>
                <category>
                  <measurement_list>
                    <measurement group_id="B1" value="92" spread="17"/>
                    <measurement group_id="B2" value="91" spread="16"/>
                    <measurement group_id="B3" value="91" spread="16"/>
                  </measurement_list>
                </category>
              </category_list>
            </class>
          </class_list>
        </measure>
        <measure>
          <title>BMI</title>
          <units>kg/m^2</units>
          <param>Mean</param>
          <dispersion>Standard Deviation</dispersion>
          <class_list>
            <class>
              <category_list>
                <category>
                  <measurement_list>
                    <measurement group_id="B1" value="33" spread="9"/>
                    <measurement group_id="B2" value="33" spread="7"/>
                    <measurement group_id="B3" value="33" spread="8"/>
                  </measurement_list>
                </category>
              </category_list>
            </class>
          </class_list>
        </measure>
        <measure>
          <title>eGFR</title>
          <units>mL/min/1.73m^2</units>
          <param>Mean</param>
          <dispersion>Standard Deviation</dispersion>
          <class_list>
            <class>
              <category_list>
                <category>
                  <measurement_list>
                    <measurement group_id="B1" value="81" spread="25"/>
                    <measurement group_id="B2" value="83" spread="23"/>
                    <measurement group_id="B3" value="82" spread="24"/>
                  </measurement_list>
                </category>
              </category_list>
            </class>
          </class_list>
        </measure>
        <measure>
          <title>K Serum</title>
          <description>K: potassium measured from subject's serum&#xD;
Normal levels range from 3.5-5.0 mmol/L</description>
          <units>mmol/L</units>
          <param>Mean</param>
          <dispersion>Standard Deviation</dispersion>
          <class_list>
            <class>
              <category_list>
                <category>
                  <measurement_list>
                    <measurement group_id="B1" value="4" spread="0.5"/>
                    <measurement group_id="B2" value="4" spread="0.5"/>
                    <measurement group_id="B3" value="4" spread="0.5"/>
                  </measurement_list>
                </category>
              </category_list>
            </class>
          </class_list>
        </measure>
        <measure>
          <title>Leukocyte count</title>
          <units>10^9 cells/L</units>
          <param>Mean</param>
          <dispersion>Standard Deviation</dispersion>
          <class_list>
            <class>
              <category_list>
                <category>
                  <measurement_list>
                    <measurement group_id="B1" value="8.9" spread="4.5"/>
                    <measurement group_id="B2" value="9.3" spread="4.3"/>
                    <measurement group_id="B3" value="9.1" spread="4.4"/>
                  </measurement_list>
                </category>
              </category_list>
            </class>
          </class_list>
        </measure>
        <measure>
          <title>Platelets</title>
          <units>10^3 cells/microL</units>
          <param>Mean</param>
          <dispersion>Standard Deviation</dispersion>
          <class_list>
            <class>
              <category_list>
                <category>
                  <measurement_list>
                    <measurement group_id="B1" value="238" spread="130"/>
                    <measurement group_id="B2" value="239" spread="109"/>
                    <measurement group_id="B3" value="238" spread="119"/>
                  </measurement_list>
                </category>
              </category_list>
            </class>
          </class_list>
        </measure>
        <measure>
          <title>C reactive protein</title>
          <units>mg/dL</units>
          <param>Mean</param>
          <dispersion>Standard Deviation</dispersion>
          <class_list>
            <class>
              <category_list>
                <category>
                  <measurement_list>
                    <measurement group_id="B1" value="45" spread="77"/>
                    <measurement group_id="B2" value="48" spread="68"/>
                    <measurement group_id="B3" value="46" spread="72"/>
                  </measurement_list>
                </category>
              </category_list>
            </class>
          </class_list>
        </measure>
        <measure>
          <title>Days from admission to randomization</title>
          <units>days</units>
          <param>Mean</param>
          <dispersion>Standard Deviation</dispersion>
          <class_list>
            <class>
              <category_list>
                <category>
                  <measurement_list>
                    <measurement group_id="B1" value="1.5" spread="0.5"/>
                    <measurement group_id="B2" value="1.6" spread="0.9"/>
                    <measurement group_id="B3" value="1.5" spread="0.7"/>
                  </measurement_list>
                </category>
              </category_list>
            </class>
          </class_list>
        </measure>
        <measure>
          <title>Days from symptom onset to randomization</title>
          <units>days</units>
          <param>Mean</param>
          <dispersion>Standard Deviation</dispersion>
          <class_list>
            <class>
              <category_list>
                <category>
                  <measurement_list>
                    <measurement group_id="B1" value="6.8" spread="2.5"/>
                    <measurement group_id="B2" value="6.5" spread="2.3"/>
                    <measurement group_id="B3" value="6.65" spread="2.4"/>
                  </measurement_list>
                </category>
              </category_list>
            </class>
          </class_list>
        </measure>
      </measure_list>
    </baseline>

    <outcome_list>
      <outcome>
        <type>Primary</type>
        <title>Hierarchical Composite Endpoint</title>
        <description>The primary endpoint of the trial will be a global rank based on patient outcomes according to four factors: (1) time to death, (2) the number of days supported by invasive mechanical ventilation or extracorporeal membrane oxygenation (ECMO), (3) the number of days supported by renal replacement therapy or pressor/inotropic therapy, and (4) a modified sequential Organ Failure Assessment (SOFA) score. The modified SOFA score will include the cardiac, respiratory, renal and coagulation domains of the SOFA score.&#xD;
How to interpret the rank?: patients are ranked from worst to best outcomes, such that patients with bad outcomes are ranked at the top and patients who have the best outcomes are ranked at the bottom.</description>
        <time_frame>Up to 28 days</time_frame>
        <group_list>
          <group group_id="O1">
            <title>Discontinuation Arm</title>
            <description>The randomized intervention will be the discontinuation of ACEI/ARBs&#xD;
Discontinuation of ARB/ACEI: The randomized intervention will be the discontinuation of ACEI/ARBs. In all participants randomized to discontinuation, treating clinicians will be reminded about the medication discontinuation upon discharge and will be prompted to consider re-initiation of the medication at that time if appropriate, per the clinician's discretion.</description>
          </group>
          <group group_id="O2">
            <title>Continuation Arm</title>
            <description>The randomized intervention will be the continuation of ACEI/ARBs&#xD;
Continuation of ARB/ACEI: The randomized intervention will be the continuation of ACEI/ARBs at the doses previously prescribed for patients during their routine care. Clinicians will be encouraged to continue the randomized treatment but will be allowed to change the dose of ACEI/ARB or discontinue these medications if any compelling clinical reasons are identified (such as hypotension, hyperkalemia, acute kidney injury).</description>
          </group>
        </group_list>
        <measure>
          <title>Hierarchical Composite Endpoint</title>
          <description>The primary endpoint of the trial will be a global rank based on patient outcomes according to four factors: (1) time to death, (2) the number of days supported by invasive mechanical ventilation or extracorporeal membrane oxygenation (ECMO), (3) the number of days supported by renal replacement therapy or pressor/inotropic therapy, and (4) a modified sequential Organ Failure Assessment (SOFA) score. The modified SOFA score will include the cardiac, respiratory, renal and coagulation domains of the SOFA score.&#xD;
How to interpret the rank?: patients are ranked from worst to best outcomes, such that patients with bad outcomes are ranked at the top and patients who have the best outcomes are ranked at the bottom.</description>
          <units>score on a scale (range 1 to 152)</units>
          <param>Median</param>
          <dispersion>Inter-Quartile Range</dispersion>
          <analyzed_list>
            <analyzed>
              <units>Participants</units>
              <scope>Measure</scope>
              <count_list>
                <count group_id="O1" value="77"/>
                <count group_id="O2" value="75"/>
              </count_list>
            </analyzed>
          </analyzed_list>
          <class_list>
            <class>
              <category_list>
                <category>
                  <measurement_list>
                    <measurement group_id="O1" value="81" lower_limit="38" upper_limit="117"/>
                    <measurement group_id="O2" value="73" lower_limit="40" upper_limit="110"/>
                  </measurement_list>
                </category>
              </category_list>
            </class>
          </class_list>
        </measure>
      </outcome>
      <outcome>
        <type>Secondary</type>
        <title>All-Cause Death</title>
        <time_frame>Up to 28 days</time_frame>
        <group_list>
          <group group_id="O1">
            <title>Discontinuation Arm</title>
            <description>The randomized intervention will be the discontinuation of ACEI/ARBs&#xD;
Discontinuation of ARB/ACEI: The randomized intervention will be the discontinuation of ACEI/ARBs. In all participants randomized to discontinuation, treating clinicians will be reminded about the medication discontinuation upon discharge and will be prompted to consider re-initiation of the medication at that time if appropriate, per the clinician's discretion.</description>
          </group>
          <group group_id="O2">
            <title>Continuation Arm</title>
            <description>The randomized intervention will be the continuation of ACEI/ARBs&#xD;
Continuation of ARB/ACEI: The randomized intervention will be the continuation of ACEI/ARBs at the doses previously prescribed for patients during their routine care. Clinicians will be encouraged to continue the randomized treatment but will be allowed to change the dose of ACEI/ARB or discontinue these medications if any compelling clinical reasons are identified (such as hypotension, hyperkalemia, acute kidney injury).</description>
          </group>
        </group_list>
        <measure>
          <title>All-Cause Death</title>
          <units>Participants</units>
          <param>Count of Participants</param>
          <analyzed_list>
            <analyzed>
              <units>Participants</units>
              <scope>Measure</scope>
              <count_list>
                <count group_id="O1" value="77"/>
                <count group_id="O2" value="75"/>
              </count_list>
            </analyzed>
          </analyzed_list>
          <class_list>
            <class>
              <category_list>
                <category>
                  <measurement_list>
                    <measurement group_id="O1" value="10"/>
                    <measurement group_id="O2" value="11"/>
                  </measurement_list>
                </category>
              </category_list>
            </class>
          </class_list>
        </measure>
      </outcome>
      <outcome>
        <type>Secondary</type>
        <title>Length of Hospital Stay</title>
        <description>This outcome measurement looked at the median length of hospitalization.</description>
        <time_frame>Up to 28 days</time_frame>
        <group_list>
          <group group_id="O1">
            <title>Discontinuation Arm</title>
            <description>The randomized intervention will be the discontinuation of ACEI/ARBs&#xD;
Discontinuation of ARB/ACEI: The randomized intervention will be the discontinuation of ACEI/ARBs. In all participants randomized to discontinuation, treating clinicians will be reminded about the medication discontinuation upon discharge and will be prompted to consider re-initiation of the medication at that time if appropriate, per the clinician's discretion.</description>
          </group>
          <group group_id="O2">
            <title>Continuation Arm</title>
            <description>The randomized intervention will be the continuation of ACEI/ARBs&#xD;
Continuation of ARB/ACEI: The randomized intervention will be the continuation of ACEI/ARBs at the doses previously prescribed for patients during their routine care. Clinicians will be encouraged to continue the randomized treatment but will be allowed to change the dose of ACEI/ARB or discontinue these medications if any compelling clinical reasons are identified (such as hypotension, hyperkalemia, acute kidney injury).</description>
          </group>
        </group_list>
        <measure>
          <title>Length of Hospital Stay</title>
          <description>This outcome measurement looked at the median length of hospitalization.</description>
          <units>days</units>
          <param>Median</param>
          <dispersion>Inter-Quartile Range</dispersion>
          <analyzed_list>
            <analyzed>
              <units>Participants</units>
              <scope>Measure</scope>
              <count_list>
                <count group_id="O1" value="77"/>
                <count group_id="O2" value="75"/>
              </count_list>
            </analyzed>
          </analyzed_list>
          <class_list>
            <class>
              <category_list>
                <category>
                  <measurement_list>
                    <measurement group_id="O1" value="5" lower_limit="3" upper_limit="10"/>
                    <measurement group_id="O2" value="6" lower_limit="3" upper_limit="11"/>
                  </measurement_list>
                </category>
              </category_list>
            </class>
          </class_list>
        </measure>
      </outcome>
      <outcome>
        <type>Secondary</type>
        <title>Length of ICU Stay, Invasive Mechanical Ventilation or Extracorporeal Membrane Oxygenation</title>
        <time_frame>Up to 28 days</time_frame>
        <group_list>
          <group group_id="O1">
            <title>Discontinuation Arm</title>
            <description>The randomized intervention will be the discontinuation of ACEI/ARBs&#xD;
Discontinuation of ARB/ACEI: The randomized intervention will be the discontinuation of ACEI/ARBs. In all participants randomized to discontinuation, treating clinicians will be reminded about the medication discontinuation upon discharge and will be prompted to consider re-initiation of the medication at that time if appropriate, per the clinician's discretion.</description>
          </group>
          <group group_id="O2">
            <title>Continuation Arm</title>
            <description>The randomized intervention will be the continuation of ACEI/ARBs&#xD;
Continuation of ARB/ACEI: The randomized intervention will be the continuation of ACEI/ARBs at the doses previously prescribed for patients during their routine care. Clinicians will be encouraged to continue the randomized treatment but will be allowed to change the dose of ACEI/ARB or discontinue these medications if any compelling clinical reasons are identified (such as hypotension, hyperkalemia, acute kidney injury).</description>
          </group>
        </group_list>
        <measure>
          <title>Length of ICU Stay, Invasive Mechanical Ventilation or Extracorporeal Membrane Oxygenation</title>
          <units>days</units>
          <param>Median</param>
          <dispersion>Inter-Quartile Range</dispersion>
          <analyzed_list>
            <analyzed>
              <units>Participants</units>
              <scope>Measure</scope>
              <count_list>
                <count group_id="O1" value="77"/>
                <count group_id="O2" value="75"/>
              </count_list>
            </analyzed>
          </analyzed_list>
          <class_list>
            <class>
              <category_list>
                <category>
                  <measurement_list>
                    <measurement group_id="O1" value="15" lower_limit="6" upper_limit="27"/>
                    <measurement group_id="O2" value="13" lower_limit="6" upper_limit="17"/>
                  </measurement_list>
                </category>
              </category_list>
            </class>
          </class_list>
        </measure>
      </outcome>
      <outcome>
        <type>Secondary</type>
        <title>AUC SOFA</title>
        <description>The Area Under the Curve of the modified SOFA (AUC SOFA) from daily measurements, weighted to account for the shorter observation period among patients who die in-hospital.&#xD;
How to interpret the AUC SOFA?: a higher area indicates more severe disease and/or longer hospitalization.The range is 0.1 to 377.3.</description>
        <time_frame>Up to 28 days</time_frame>
        <group_list>
          <group group_id="O1">
            <title>Discontinuation Arm</title>
            <description>The randomized intervention will be the discontinuation of ACEI/ARBs&#xD;
Discontinuation of ARB/ACEI: The randomized intervention will be the discontinuation of ACEI/ARBs. In all participants randomized to discontinuation, treating clinicians will be reminded about the medication discontinuation upon discharge and will be prompted to consider re-initiation of the medication at that time if appropriate, per the clinician's discretion.</description>
          </group>
          <group group_id="O2">
            <title>Continuation Arm</title>
            <description>The randomized intervention will be the continuation of ACEI/ARBs&#xD;
Continuation of ARB/ACEI: The randomized intervention will be the continuation of ACEI/ARBs at the doses previously prescribed for patients during their routine care. Clinicians will be encouraged to continue the randomized treatment but will be allowed to change the dose of ACEI/ARB or discontinue these medications if any compelling clinical reasons are identified (such as hypotension, hyperkalemia, acute kidney injury).</description>
          </group>
        </group_list>
        <measure>
          <title>AUC SOFA</title>
          <description>The Area Under the Curve of the modified SOFA (AUC SOFA) from daily measurements, weighted to account for the shorter observation period among patients who die in-hospital.&#xD;
How to interpret the AUC SOFA?: a higher area indicates more severe disease and/or longer hospitalization.The range is 0.1 to 377.3.</description>
          <units>units on a scale (SOFA x days)</units>
          <param>Median</param>
          <dispersion>Inter-Quartile Range</dispersion>
          <analyzed_list>
            <analyzed>
              <units>Participants</units>
              <scope>Measure</scope>
              <count_list>
                <count group_id="O1" value="77"/>
                <count group_id="O2" value="75"/>
              </count_list>
            </analyzed>
          </analyzed_list>
          <class_list>
            <class>
              <category_list>
                <category>
                  <measurement_list>
                    <measurement group_id="O1" value="7" lower_limit="2" upper_limit="20"/>
                    <measurement group_id="O2" value="12" lower_limit="3" upper_limit="23"/>
                  </measurement_list>
                </category>
              </category_list>
            </class>
          </class_list>
        </measure>
      </outcome>
      <outcome>
        <type>Other Pre-specified</type>
        <title>Intensive Care Unit Admission or Respiratory Failure Requiring Mechanical Ventilation.</title>
        <description>Need to be transferred to an intensive care unit or to supported by a breathing machine</description>
        <time_frame>Up to 28 days</time_frame>
        <group_list>
          <group group_id="O1">
            <title>Discontinuation Arm</title>
            <description>The randomized intervention will be the discontinuation of ACEI/ARBs&#xD;
Discontinuation of ARB/ACEI: The randomized intervention will be the discontinuation of ACEI/ARBs. In all participants randomized to discontinuation, treating clinicians will be reminded about the medication discontinuation upon discharge and will be prompted to consider re-initiation of the medication at that time if appropriate, per the clinician's discretion.</description>
          </group>
          <group group_id="O2">
            <title>Continuation Arm</title>
            <description>The randomized intervention will be the continuation of ACEI/ARBs&#xD;
Continuation of ARB/ACEI: The randomized intervention will be the continuation of ACEI/ARBs at the doses previously prescribed for patients during their routine care. Clinicians will be encouraged to continue the randomized treatment but will be allowed to change the dose of ACEI/ARB or discontinue these medications if any compelling clinical reasons are identified (such as hypotension, hyperkalemia, acute kidney injury).</description>
          </group>
        </group_list>
        <measure>
          <title>Intensive Care Unit Admission or Respiratory Failure Requiring Mechanical Ventilation.</title>
          <description>Need to be transferred to an intensive care unit or to supported by a breathing machine</description>
          <units>Participants</units>
          <param>Count of Participants</param>
          <analyzed_list>
            <analyzed>
              <units>Participants</units>
              <scope>Measure</scope>
              <count_list>
                <count group_id="O1" value="77"/>
                <count group_id="O2" value="75"/>
              </count_list>
            </analyzed>
          </analyzed_list>
          <class_list>
            <class>
              <category_list>
                <category>
                  <measurement_list>
                    <measurement group_id="O1" value="14"/>
                    <measurement group_id="O2" value="16"/>
                  </measurement_list>
                </category>
              </category_list>
            </class>
          </class_list>
        </measure>
      </outcome>
      <outcome>
        <type>Other Pre-specified</type>
        <title>Hypotension Requiring Vasopressors, Inotropes or Mechanical Hemodynamic Support</title>
        <description>Hypotension Requiring Vasopressors, inotropes or mechanical hemodynamic support (ventricular assist device or intra-aortic balloon pump).</description>
        <time_frame>Up to 28 days</time_frame>
        <group_list>
          <group group_id="O1">
            <title>Discontinuation Arm</title>
            <description>The randomized intervention will be the discontinuation of ACEI/ARBs&#xD;
Discontinuation of ARB/ACEI: The randomized intervention will be the discontinuation of ACEI/ARBs. In all participants randomized to discontinuation, treating clinicians will be reminded about the medication discontinuation upon discharge and will be prompted to consider re-initiation of the medication at that time if appropriate, per the clinician's discretion.</description>
          </group>
          <group group_id="O2">
            <title>Continuation Arm</title>
            <description>The randomized intervention will be the continuation of ACEI/ARBs&#xD;
Continuation of ARB/ACEI: The randomized intervention will be the continuation of ACEI/ARBs at the doses previously prescribed for patients during their routine care. Clinicians will be encouraged to continue the randomized treatment but will be allowed to change the dose of ACEI/ARB or discontinue these medications if any compelling clinical reasons are identified (such as hypotension, hyperkalemia, acute kidney injury).</description>
          </group>
        </group_list>
        <measure>
          <title>Hypotension Requiring Vasopressors, Inotropes or Mechanical Hemodynamic Support</title>
          <description>Hypotension Requiring Vasopressors, inotropes or mechanical hemodynamic support (ventricular assist device or intra-aortic balloon pump).</description>
          <units>Participants</units>
          <param>Count of Participants</param>
          <analyzed_list>
            <analyzed>
              <units>Participants</units>
              <scope>Measure</scope>
              <count_list>
                <count group_id="O1" value="77"/>
                <count group_id="O2" value="75"/>
              </count_list>
            </analyzed>
          </analyzed_list>
          <class_list>
            <class>
              <category_list>
                <category>
                  <measurement_list>
                    <measurement group_id="O1" value="8"/>
                    <measurement group_id="O2" value="9"/>
                  </measurement_list>
                </category>
              </category_list>
            </class>
          </class_list>
        </measure>
      </outcome>
    </outcome_list>

    <reported_events>
      <time_frame>until hospital discharge or up to 28 days if participant were discharged prior to this time point</time_frame>
      <desc>The research team kept a log of all adverse events in the trial. A medically-qualified investigator assessed all AEs.&#xD;
The definition of adverse events and Serious Adverse Events (SAE) is presented in detail in the study protocol, available in this clinicaltrials.gov record (protocol sections 5.2 and 5.3)</desc>
      <group_list>
        <group group_id="E1">
          <title>Discontinuation Arm</title>
          <description>The randomized intervention will be the discontinuation of ACEI/ARBs&#xD;
Discontinuation of ARB/ACEI: The randomized intervention will be the discontinuation of ACEI/ARBs. In all participants randomized to discontinuation, treating clinicians will be reminded about the medication discontinuation upon discharge and will be prompted to consider re-initiation of the medication at that time if appropriate, per the clinician's discretion.</description>
        </group>
        <group group_id="E2">
          <title>Continuation Arm</title>
          <description>The randomized intervention will be the continuation of ACEI/ARBs&#xD;
Continuation of ARB/ACEI: The randomized intervention will be the continuation of ACEI/ARBs at the doses previously prescribed for patients during their routine care. Clinicians will be encouraged to continue the randomized treatment but will be allowed to change the dose of ACEI/ARB or discontinue these medications if any compelling clinical reasons are identified (such as hypotension, hyperkalemia, acute kidney injury).</description>
        </group>
      </group_list>
      <serious_events>
        <default_assessment>Systematic Assessment</default_assessment>
        <category_list>
          <category>
            <title>Total</title>
            <event_list>
              <event>
                <sub_title>Total, all-cause mortality</sub_title>
                <counts group_id="E1" subjects_affected="10" subjects_at_risk="77"/>
                <counts group_id="E2" subjects_affected="11" subjects_at_risk="75"/>
              </event>
              <event>
                <sub_title>Total, serious adverse events</sub_title>
                <counts group_id="E1" subjects_affected="28" subjects_at_risk="77"/>
                <counts group_id="E2" subjects_affected="29" subjects_at_risk="75"/>
              </event>
            </event_list>
          </category>
          <category>
            <title>Cardiac disorders</title>
            <event_list>
              <event>
                <sub_title>New or worsening congestive heart failure</sub_title>
                <counts group_id="E1" subjects_affected="1" subjects_at_risk="77"/>
                <counts group_id="E2" subjects_affected="2" subjects_at_risk="75"/>
              </event>
              <event>
                <sub_title>Myocarditis</sub_title>
                <counts group_id="E1" subjects_affected="2" subjects_at_risk="77"/>
                <counts group_id="E2" subjects_affected="1" subjects_at_risk="75"/>
              </event>
              <event>
                <sub_title>Acute myocardial infarction</sub_title>
                <counts group_id="E1" subjects_affected="0" subjects_at_risk="77"/>
                <counts group_id="E2" subjects_affected="1" subjects_at_risk="75"/>
              </event>
              <event>
                <sub_title>Acute arrhythmia</sub_title>
                <counts group_id="E1" subjects_affected="3" subjects_at_risk="77"/>
                <counts group_id="E2" subjects_affected="6" subjects_at_risk="75"/>
              </event>
            </event_list>
          </category>
          <category>
            <title>General disorders</title>
            <event_list>
              <event>
                <sub_title>ICU transfer</sub_title>
                <counts group_id="E1" subjects_affected="14" subjects_at_risk="77"/>
                <counts group_id="E2" subjects_affected="16" subjects_at_risk="75"/>
              </event>
              <event>
                <sub_title>All-cause death</sub_title>
                <counts group_id="E1" subjects_affected="10" subjects_at_risk="77"/>
                <counts group_id="E2" subjects_affected="11" subjects_at_risk="75"/>
              </event>
            </event_list>
          </category>
          <category>
            <title>Investigations</title>
            <event_list>
              <event>
                <sub_title>Delirium or encephalopathy</sub_title>
                <counts group_id="E1" subjects_affected="8" subjects_at_risk="77"/>
                <counts group_id="E2" subjects_affected="2" subjects_at_risk="75"/>
              </event>
            </event_list>
          </category>
          <category>
            <title>Renal and urinary disorders</title>
            <event_list>
              <event>
                <sub_title>Acute kidney injury, defined as &gt;2-fold increase in creatinine</sub_title>
                <counts group_id="E1" subjects_affected="3" subjects_at_risk="77"/>
                <counts group_id="E2" subjects_affected="3" subjects_at_risk="75"/>
              </event>
              <event>
                <sub_title>Acute kidney injury requiring renal replacement therapy</sub_title>
                <counts group_id="E1" subjects_affected="1" subjects_at_risk="77"/>
                <counts group_id="E2" subjects_affected="2" subjects_at_risk="75"/>
              </event>
            </event_list>
          </category>
          <category>
            <title>Respiratory, thoracic and mediastinal disorders</title>
            <event_list>
              <event>
                <sub_title>Invasive mechanical ventilation</sub_title>
                <counts group_id="E1" subjects_affected="8" subjects_at_risk="77"/>
                <counts group_id="E2" subjects_affected="10" subjects_at_risk="75"/>
              </event>
              <event>
                <sub_title>Worsening dyspnoea or acute respiratory distress syndrome</sub_title>
                <counts group_id="E1" subjects_affected="13" subjects_at_risk="77"/>
                <counts group_id="E2" subjects_affected="17" subjects_at_risk="75"/>
              </event>
            </event_list>
          </category>
          <category>
            <title>Vascular disorders</title>
            <event_list>
              <event>
                <sub_title>Pulmonary embolism or deep vein thrombosis</sub_title>
                <counts group_id="E1" subjects_affected="1" subjects_at_risk="77"/>
                <counts group_id="E2" subjects_affected="4" subjects_at_risk="75"/>
              </event>
              <event>
                <sub_title>Hypotension requiring hemodynamic support</sub_title>
                <counts group_id="E1" subjects_affected="8" subjects_at_risk="77"/>
                <counts group_id="E2" subjects_affected="9" subjects_at_risk="75"/>
              </event>
            </event_list>
          </category>
        </category_list>
      </serious_events>
      <other_events>
        <frequency_threshold>0</frequency_threshold>
        <category_list>
          <category>
            <title>Total</title>
            <event_list>
              <event>
                <sub_title>Total, other adverse events</sub_title>
                <counts group_id="E1" subjects_affected="0" subjects_at_risk="77"/>
                <counts group_id="E2" subjects_affected="0" subjects_at_risk="75"/>
              </event>
            </event_list>
          </category>
        </category_list>
      </other_events>
    </reported_events>

    <certain_agreements>
      <pi_employee>Principal Investigators are NOT employed by the organization sponsoring the study.</pi_employee>
      <restrictive_agreement>The only disclosure restriction on the PI is that the sponsor can review results communications prior to public release and can embargo communications regarding trial results for a period that is more than 60 days but less than or equal to 180 days. The sponsor cannot require changes to the communication and cannot extend the embargo.</restrictive_agreement>
    </certain_agreements>
    <limitations_and_caveats>Limitations of the study include (1) small sample size; (2) we did not control participant ACEI or ARB dosing or other medication exposures during the trial; (3) Although outcome adjudicators were masked to the randomly assigned groups when determining clinical endpoints, providers caring for the patients were aware of the group the patient was assigned to. It is possible that the open-label nature of the study might have introduced information bias or influenced provider behavior.</limitations_and_caveats>
    <point_of_contact>
      <name_or_title>Dr. Jordana Cohen</name_or_title>
      <organization>University of Pennsylvania</organization>
      <phone>215-662-4000</phone>
      <email>jco@pennmedicine.upenn.edu</email>
    </point_of_contact>
  </clinical_results>
</clinical_study>

