<?xml version="1.0" encoding="UTF-8"?>
<clinical_study rank="87">
  <!-- This xml conforms to an XML Schema at:
    https://clinicaltrials.gov/ct2/html/images/info/public.xsd -->
  <required_header>
    <download_date>ClinicalTrials.gov processed this data on April 23, 2021</download_date>
    <link_text>Link to the current ClinicalTrials.gov record.</link_text>
    <url>https://clinicaltrials.gov/show/NCT04834752</url>
  </required_header>
  <id_info>
    <org_study_id>2102-004-1192</org_study_id>
    <nct_id>NCT04834752</nct_id>
  </id_info>
  <brief_title>Effect of H2 Receptor Antagonist and Proton Pump Inhibitor on the Positivity Rates and Clinical Outcomes of COVID-19</brief_title>
  <official_title>Effect of Histamine 2 Receptor Antagonist (H2RA) and Proton Pump Inhibitor (PPI) on the Positivity Rates and Clinical Outcomes of Coronavirus Disease-19 (COVID-19).</official_title>
  <sponsors>
    <lead_sponsor>
      <agency>Seoul National University Hospital</agency>
      <agency_class>Other</agency_class>
    </lead_sponsor>
    <collaborator>
      <agency>Dong-A ST Co., Ltd.</agency>
      <agency_class>Industry</agency_class>
    </collaborator>
  </sponsors>
  <source>Seoul National University Hospital</source>
  <oversight_info>
    <has_dmc>Yes</has_dmc>
    <is_fda_regulated_drug>No</is_fda_regulated_drug>
    <is_fda_regulated_device>No</is_fda_regulated_device>
  </oversight_info>
  <brief_summary>
    <textblock>
      This retrospective cohort study aims to evaluate the effect of proton pump inhibitor (PPI) or&#xD;
      histamine-2 receptor antagonist (H2RA) on the clinical outcomes and positivity rates of&#xD;
      Coronavirus Disease-19 (COVID-19).&#xD;
    </textblock>
  </brief_summary>
  <detailed_description>
    <textblock>
      Previous researches on the association between the use of PPI and H2RA and the treatment and&#xD;
      prevention of COVID-19 have reported inconsistent findings. This study aimed to evaluate the&#xD;
      effect of H2 receptor antagonists and proton pump inhibitors on the clinical outcomes and&#xD;
      positivity rates of COVID-19 using the Korean National Health Insurance (NHI) data. This is a&#xD;
      retrospective cohort study using the NHI COVID-19 dataset, which includes health insurance&#xD;
      data of individuals who underwent COVID-19 PCR test in South Korea. This study aims to&#xD;
      evaluate the effect of the use of PPI and H2RA on the positivity rates and clinical outcomes&#xD;
      of COVID-19.&#xD;
    </textblock>
  </detailed_description>
  <overall_status>Not yet recruiting</overall_status>
  <start_date type="Anticipated">May 1, 2021</start_date>
  <completion_date type="Anticipated">December 31, 2021</completion_date>
  <primary_completion_date type="Anticipated">December 31, 2021</primary_completion_date>
  <study_type>Observational</study_type>
  <has_expanded_access>No</has_expanded_access>
  <study_design_info>
    <observational_model>Cohort</observational_model>
    <time_perspective>Retrospective</time_perspective>
  </study_design_info>
  <primary_outcome>
    <measure>COVID-19 test positivity</measure>
    <time_frame>Through test completion, an average of 1 day</time_frame>
    <description>Test positivity rates for COVID-19 nasopharyngeal polymerase chain reaction (PCR): number of participants diagnosed with COVID-19 compared to the number participants who were tested for COVID-19</description>
  </primary_outcome>
  <primary_outcome>
    <measure>Mortality</measure>
    <time_frame>60 days</time_frame>
    <description>Mortality of participants who died after diagnosis of COVID-19 (during the hospitalization or after discharge)</description>
  </primary_outcome>
  <secondary_outcome>
    <measure>Intensive care unit admission rate</measure>
    <time_frame>60 days</time_frame>
    <description>Intensive care unit admission rate of patients who were diagnosed with COVID-19</description>
  </secondary_outcome>
  <secondary_outcome>
    <measure>Mechanical ventilator application rate</measure>
    <time_frame>60 days</time_frame>
    <description>Mechanical ventilator application rate of patients who were diagnosed with COVID-19</description>
  </secondary_outcome>
  <secondary_outcome>
    <measure>Oxygen apply rate (Nasal prong, Facial Mask, High flow nasal cannula)</measure>
    <time_frame>60 days</time_frame>
    <description>Oxygen apply (Nasal prong, Facial Mask, High flow nasal cannula) rates of patients who were diagnosed with COVID-19</description>
  </secondary_outcome>
  <secondary_outcome>
    <measure>Rates of vasopressor and inotrope use</measure>
    <time_frame>60 days</time_frame>
    <description>Rates of vasopressor and inotrope use of patients who were diagnosed with COVID-19</description>
  </secondary_outcome>
  <number_of_groups>1</number_of_groups>
  <enrollment type="Anticipated">400000</enrollment>
  <condition>COVID-19</condition>
  <arm_group>
    <arm_group_label>Patients tested for COVID-19</arm_group_label>
    <description>Patients who were tested for COVID-19 nasopharyngeal polymerase chain reaction (PCR)</description>
  </arm_group>
  <intervention>
    <intervention_type>Other</intervention_type>
    <intervention_name>No intervention (Retrospective Cohort Observational)</intervention_name>
    <description>History of PPI and H2RA prescription of the participants who were tested for COVID-19 will be reviewed.</description>
    <arm_group_label>Patients tested for COVID-19</arm_group_label>
    <other_name>PPI: Rabeprazole, Pantoprazole, Omeprazole, Esomeprazole, Lansoprazole, Dexlansoprazole</other_name>
    <other_name>H2RA: Famotidine, Cimetidine, Nizatidine, Ranitidine</other_name>
  </intervention>
  <eligibility>
    <study_pop>
      <textblock>
        Individuals who were tested for COVID-19 using real-time reverse transcriptase PCR assay of&#xD;
        nasal and pharyngeal swabs were included. Data were obtained from the Korean national&#xD;
        health insurance claims-based database (COVID-19 research dataset). Individuals with a&#xD;
        Record of a new prescription of NSAID within 1 month of the test date were excluded because&#xD;
        NSAID users for early pneumonia symptoms may initiated for PPIs or H2 blockers.&#xD;
      </textblock>
    </study_pop>
    <sampling_method>Non-Probability Sample</sampling_method>
    <criteria>
      <textblock>
        Inclusion Criteria:&#xD;
&#xD;
          -  Individuals who were tested for COVID-19 using real-time reverse transcriptase PCR&#xD;
             assay of nasal and pharyngeal swabs&#xD;
&#xD;
        Exclusion Criteria:&#xD;
&#xD;
          -  Record of a new prescription of non-steroidal anti-inflammatory drugs (NSAID) within 1&#xD;
             month of the test date&#xD;
&#xD;
          -  Patients who died within 48 hours after test.&#xD;
      </textblock>
    </criteria>
    <gender>All</gender>
    <minimum_age>18 Years</minimum_age>
    <maximum_age>N/A</maximum_age>
    <healthy_volunteers>No</healthy_volunteers>
  </eligibility>
  <overall_contact>
    <last_name>Bokyung Kim, M.D.</last_name>
    <phone>+82-2-2072-8112</phone>
    <email>lovebkim1119@naver.com</email>
  </overall_contact>
  <overall_contact_backup>
    <last_name>Soo-Jeong Cho, M.D., Ph.D.</last_name>
    <phone>82-10-5297-3398</phone>
    <email>crystal522@daum.net</email>
  </overall_contact_backup>
  <location>
    <facility>
      <name>Seoul National University Hospital</name>
      <address>
        <city>Seoul</city>
        <zip>03080</zip>
        <country>Korea, Republic of</country>
      </address>
    </facility>
    <contact>
      <last_name>Bokyung Kim, M.D.</last_name>
      <phone>+82-2-2072-8112</phone>
      <email>lovebkim1119@naver.com</email>
    </contact>
  </location>
  <location_countries>
    <country>Korea, Republic of</country>
  </location_countries>
  <verification_date>April 2021</verification_date>
  <study_first_submitted>March 31, 2021</study_first_submitted>
  <study_first_submitted_qc>April 6, 2021</study_first_submitted_qc>
  <study_first_posted type="Actual">April 8, 2021</study_first_posted>
  <last_update_submitted>April 6, 2021</last_update_submitted>
  <last_update_submitted_qc>April 6, 2021</last_update_submitted_qc>
  <last_update_posted type="Actual">April 8, 2021</last_update_posted>
  <responsible_party>
    <responsible_party_type>Principal Investigator</responsible_party_type>
    <investigator_affiliation>Seoul National University Hospital</investigator_affiliation>
    <investigator_full_name>Soo-Jeong Cho</investigator_full_name>
    <investigator_title>Clinical associate professor</investigator_title>
  </responsible_party>
  <keyword>COVID-19</keyword>
  <keyword>Proton pump inhibitor</keyword>
  <keyword>H2 receptor antagonist</keyword>
  <intervention_browse>
    <!-- CAUTION:  The following MeSH terms are assigned with an imperfect algorithm            -->
    <mesh_term>Esomeprazole</mesh_term>
    <mesh_term>Omeprazole</mesh_term>
    <mesh_term>Rabeprazole</mesh_term>
    <mesh_term>Pantoprazole</mesh_term>
    <mesh_term>Lansoprazole</mesh_term>
    <mesh_term>Dexlansoprazole</mesh_term>
    <mesh_term>Famotidine</mesh_term>
    <mesh_term>Ranitidine</mesh_term>
    <mesh_term>Cimetidine</mesh_term>
    <mesh_term>Nizatidine</mesh_term>
  </intervention_browse>
  <patient_data>
    <sharing_ipd>No</sharing_ipd>
  </patient_data>
  <!-- Results have not yet been posted for this study                                          -->
</clinical_study>

