<?xml version="1.0" encoding="UTF-8"?>
<clinical_study rank="2410">
  <!-- This xml conforms to an XML Schema at:
    https://clinicaltrials.gov/ct2/html/images/info/public.xsd -->
  <required_header>
    <download_date>ClinicalTrials.gov processed this data on April 23, 2021</download_date>
    <link_text>Link to the current ClinicalTrials.gov record.</link_text>
    <url>https://clinicaltrials.gov/show/NCT04579393</url>
  </required_header>
  <id_info>
    <org_study_id>10000110</org_study_id>
    <secondary_id>000110-H</secondary_id>
    <nct_id>NCT04579393</nct_id>
  </id_info>
  <brief_title>Fostamatinib for Hospitalized Adults With COVID-19</brief_title>
  <official_title>A Phase II Study Evaluating Fostamatinib for Hospitalized Adults With COVID-19</official_title>
  <sponsors>
    <lead_sponsor>
      <agency>National Heart, Lung, and Blood Institute (NHLBI)</agency>
      <agency_class>NIH</agency_class>
    </lead_sponsor>
  </sponsors>
  <source>National Institutes of Health Clinical Center (CC)</source>
  <oversight_info>
    <is_fda_regulated_drug>Yes</is_fda_regulated_drug>
    <is_fda_regulated_device>No</is_fda_regulated_device>
  </oversight_info>
  <brief_summary>
    <textblock>
      Background:&#xD;
&#xD;
      COVID-19 is a new disease caused by SARS-CoV-2 that was identified in 2019. Some people who&#xD;
      get sick with COVID-19 become ill requiring hospitalization. There are some medicines that&#xD;
      may help with recovery. Researchers want to see if a drug called fostamatinib may help people&#xD;
      who are hospitalized with COVID-19.&#xD;
&#xD;
      Objective:&#xD;
&#xD;
      To learn if fostamatinib is safe in patients who are hospitalized with COVID-19 and gain&#xD;
      earlier insight into whether it improves outcomes.&#xD;
&#xD;
      Eligibility:&#xD;
&#xD;
      Adults age 18 and older who are hospitalized with COVID-19.&#xD;
&#xD;
      Design:&#xD;
&#xD;
      Participants will be screened with a physical exam, including vital signs and weight. They&#xD;
      will have a blood test and chest x-ray. They will have a COVID-19 test as a swab of either&#xD;
      the back of the throat or the back of the nose. They will take a pregnancy test if needed.&#xD;
&#xD;
      Participants will be randomly assigned, to take either fostamatinib pills or a placebo twice&#xD;
      daily for up to 14 days in addition to standard of care for COVID-19. If they can swallow,&#xD;
      they will take the pills by mouth with water. If they cannot swallow or are on mechanical&#xD;
      ventilation, the pills will be crushed, mixed with water, and given through a tube placed&#xD;
      through the nostril, or placed in the mouth, down the esophagus, and into the stomach. Blood&#xD;
      samples will be taken daily. Participants will return to the Clinical Center for safety&#xD;
      follow-up visits. At these visits, they will have a physical exam and blood tests. If they&#xD;
      cannot visit the Clinical Center, they will be contacted by phone or have a telehealth visit.&#xD;
&#xD;
      Participation will last for about two months&#xD;
    </textblock>
  </brief_summary>
  <detailed_description>
    <textblock>
      Coronavirus Disease 2019 (COVID-19) is the disease caused by Severe Acute Respiratory&#xD;
      Syndrome Coronavirus-2 (SARS-CoV-2). SARS-CoV-2 primarily infects the upper and lower&#xD;
      respiratory tract and can lead to acute respiratory distress syndrome (ARDS) in a subset of&#xD;
      patients with a known high mortality rate. Additionally, some patients develop other organ&#xD;
      dysfunction including myocardial injury, acute kidney injury, shock along with endothelial&#xD;
      dysfunction and subsequently micro and macrovascular thrombosis.&#xD;
&#xD;
      Much of the underlying pathology of SARS-CoV-2 is thought to be secondary to a dysregulated&#xD;
      immune response and more recently a hypercoagulable state leading to immunothrombosis.&#xD;
      Currently, two therapies have shown efficacy in large multicenter trials for the treatment of&#xD;
      COVID-19, one of which is an antiviral (remdesivir) and the other is an immunosuppressant&#xD;
      corticosteroid meant to dampen the immune response (dexamethasone).&#xD;
&#xD;
      Spleen tyrosine kinase (SYK) is a cytoplasmic tyrosine kinase involved in the intracellular&#xD;
      signaling pathways of many different immune cells. In this pilot study we propose to use&#xD;
      fostamatinib (an SYK inhibitor) as a targeted therapy for the immunological complications of&#xD;
      hospitalized patients with COVID-19. The biological mechanisms by which SYK inhibition may&#xD;
      improve outcomes in patients with COVID-19 include the inhibition of pro-inflammatory&#xD;
      cytokines by monocytes and macrophages, decreased production of neutrophil extracellular&#xD;
      traps (NETs) by neutrophils, and inhibition of platelet aggregation; three pathways that are&#xD;
      mediated through Fc receptors (FcR) recognition of antigen-antibody complexes or activation&#xD;
      of c-type lectin receptors (CLEC).&#xD;
&#xD;
      This is a randomized, double-blind, placebo-controlled trial of fostamatinib for the&#xD;
      treatment of hospitalized patients with COVID-19.&#xD;
&#xD;
      We will randomly assign fostamatinib or matched placebo (1:1) to 60 eligible COVID-19&#xD;
      patients who are a 5 to 7 on the 8-point scale (requiring supplemental oxygen via nasal&#xD;
      canula or noninvasive ventilation, requiring mechanical ventilation or extracorporeal&#xD;
      membrane oxygenation).&#xD;
    </textblock>
  </detailed_description>
  <overall_status>Active, not recruiting</overall_status>
  <start_date type="Actual">January 27, 2020</start_date>
  <completion_date type="Anticipated">June 30, 2021</completion_date>
  <primary_completion_date type="Actual">March 30, 2021</primary_completion_date>
  <phase>Phase 2</phase>
  <study_type>Interventional</study_type>
  <has_expanded_access>No</has_expanded_access>
  <study_design_info>
    <allocation>Randomized</allocation>
    <intervention_model>Parallel Assignment</intervention_model>
    <primary_purpose>Treatment</primary_purpose>
    <masking>Double (Participant, Investigator)</masking>
  </study_design_info>
  <primary_outcome>
    <measure>Cumulative Incidence of SAEs</measure>
    <time_frame>Day 29</time_frame>
    <description>The safety primary endpoint is cumulative incidence of SAEs through day 29</description>
  </primary_outcome>
  <secondary_outcome>
    <measure>Number of days in the ICU</measure>
    <time_frame>entire hospitalization</time_frame>
  </secondary_outcome>
  <secondary_outcome>
    <measure>Change in CRP, IL-6, d-dimer, ferritin, fibrinogen, absolute lymphocyte count, absolute neutrophil count, and platelet count from baseline</measure>
    <time_frame>day 3, 5, 8, 11, 15, 29</time_frame>
  </secondary_outcome>
  <secondary_outcome>
    <measure>Ordinal scale</measure>
    <time_frame>day 15, 29</time_frame>
  </secondary_outcome>
  <secondary_outcome>
    <measure>Days of hospitalization</measure>
    <time_frame>entire hospitalization</time_frame>
  </secondary_outcome>
  <secondary_outcome>
    <measure>Time to recovery</measure>
    <time_frame>day 29</time_frame>
  </secondary_outcome>
  <secondary_outcome>
    <measure>Number of days free of mechanical ventilation [entire hospitalization cohort 1]</measure>
    <time_frame>entire hospitalization</time_frame>
  </secondary_outcome>
  <secondary_outcome>
    <measure>Number of days on oxygen</measure>
    <time_frame>entire hospitalization</time_frame>
  </secondary_outcome>
  <secondary_outcome>
    <measure>Change in SOFA score from baseline</measure>
    <time_frame>day 3, 5, 8, 11, 15, 29</time_frame>
  </secondary_outcome>
  <secondary_outcome>
    <measure>Days free of renal failure</measure>
    <time_frame>entire hospitalization</time_frame>
  </secondary_outcome>
  <secondary_outcome>
    <measure>Clinically relevant deep vein thrombosis</measure>
    <time_frame>entire hospitalization</time_frame>
  </secondary_outcome>
  <secondary_outcome>
    <measure>Relative change in PaO2/FiO2 or SpO2/FiO2 ratio</measure>
    <time_frame>d29</time_frame>
  </secondary_outcome>
  <number_of_arms>2</number_of_arms>
  <enrollment type="Anticipated">80</enrollment>
  <condition>Coronavirus Disease 2019</condition>
  <arm_group>
    <arm_group_label>Intervention</arm_group_label>
    <arm_group_type>Active Comparator</arm_group_type>
    <description>fostamatinib in combination with standard of care (SOC) for the treatment of COVID-19</description>
  </arm_group>
  <arm_group>
    <arm_group_label>Intervention - Placebo</arm_group_label>
    <arm_group_type>Placebo Comparator</arm_group_type>
    <description>Placebo in combination with standard of care (SOC) for the treatment of COVID-19</description>
  </arm_group>
  <intervention>
    <intervention_type>Drug</intervention_type>
    <intervention_name>Placebo</intervention_name>
    <description>Placebo tablets to match fostamatinib 100 mg and 150 mg will be provided.</description>
    <arm_group_label>Intervention - Placebo</arm_group_label>
  </intervention>
  <intervention>
    <intervention_type>Drug</intervention_type>
    <intervention_name>fostamatinib</intervention_name>
    <description>The study intervention is fostamatinib, an inhibitor of spleen tyrosine kinase that will be administered orally at a dose of 150 mg twice daily for 14 days or 28 doses. Subjects will receive standard of care and be randomized to receive fostamatinib or matching placebo.</description>
    <arm_group_label>Intervention</arm_group_label>
  </intervention>
  <eligibility>
    <criteria>
      <textblock>
        -  INCLUSION CRITERIA:&#xD;
&#xD;
               1. Patient must be hospitalized, or had their inpatient stay extended, for COVID-19.&#xD;
&#xD;
               2. Age &gt;=18 years&#xD;
&#xD;
               3. Subject (or legally authorized representative) provides informed consent prior to&#xD;
                  initiation of any study procedures.&#xD;
&#xD;
               4. Subject (or legally authorized representative) understands and agrees to comply&#xD;
                  with planned study procedures.&#xD;
&#xD;
               5. Females of childbearing potential must agree to be abstinent or use a medical&#xD;
                  acceptable form of contraception from the time of enrollment through 30 days&#xD;
                  after last day of study drug&#xD;
&#xD;
               6. Laboratory confirmed SARS-CoV-2 RT-PCR test within 7 days of enrollment&#xD;
&#xD;
               7. Illness of any duration with SpO2 of less than 94% on room air requiring&#xD;
                  supplemental oxygen via nasal canula or non-invasive mechanical ventilation, or&#xD;
                  mechanical ventilation or ECMO (5 to 7 on the 8-point scale)&#xD;
&#xD;
        EXCLUSION CRITERIA:&#xD;
&#xD;
          1. ALT or AST &gt; 5 times the upper limit of normal (ULN) or ALT or AST &gt;= 3 x ULN and&#xD;
             total bilirubin &gt; 2 x ULN.&#xD;
&#xD;
          2. Estimated glomerular filtration rate (eGFR) &lt;30ml/min&#xD;
&#xD;
          3. Pregnancy or breast feeding&#xD;
&#xD;
          4. Anticipated discharge in the next 72 hours&#xD;
&#xD;
          5. Allergy to study medication&#xD;
&#xD;
          6. Uncontrolled hypertension (systolic blood pressure &gt;160mmHg or diastolic blood&#xD;
             pressure &gt;100mmHg)&#xD;
&#xD;
          7. Shock or hypotension at the time of enrollment&#xD;
&#xD;
          8. Neutrophil count &lt;1000/microliter&#xD;
&#xD;
          9. Concern for bacterial or fungal sepsis&#xD;
&#xD;
         10. Received immunomodulatory treatment within 30 days prior to enrollment e.g., Bruton's&#xD;
             tyrosine kinase/phosphoinositide 3 kinase/Janus kinase inhibitor or cytokine-targeting&#xD;
             biologic therapy (anti-TNF, IL-6)&#xD;
&#xD;
         11. Received a live vaccine the last 4 weeks&#xD;
&#xD;
         12. Those who were cognitively impaired or mentally disabled prior to COVID diagnosis&#xD;
&#xD;
         13. Participation in another clinical trial for the treatment of COVID-19.&#xD;
      </textblock>
    </criteria>
    <gender>All</gender>
    <minimum_age>18 Years</minimum_age>
    <maximum_age>N/A</maximum_age>
    <healthy_volunteers>No</healthy_volunteers>
  </eligibility>
  <overall_official>
    <last_name>Jeffrey R Strich, M.D.</last_name>
    <role>Principal Investigator</role>
    <affiliation>National Institutes of Health Clinical Center (CC)</affiliation>
  </overall_official>
  <location>
    <facility>
      <name>National Institutes of Health Clinical Center</name>
      <address>
        <city>Bethesda</city>
        <state>Maryland</state>
        <zip>20892</zip>
        <country>United States</country>
      </address>
    </facility>
  </location>
  <location>
    <facility>
      <name>INOVA Health Systems</name>
      <address>
        <city>Falls Church</city>
        <state>Virginia</state>
        <zip>22042</zip>
        <country>United States</country>
      </address>
    </facility>
  </location>
  <location_countries>
    <country>United States</country>
  </location_countries>
  <link>
    <url>https://clinicalstudies.info.nih.gov/cgi/detail.cgi?B_000110-H.html</url>
    <description>NIH Clinical Center Detailed Web Page</description>
  </link>
  <verification_date>April 6, 2021</verification_date>
  <study_first_submitted>October 6, 2020</study_first_submitted>
  <study_first_submitted_qc>October 6, 2020</study_first_submitted_qc>
  <study_first_posted type="Actual">October 8, 2020</study_first_posted>
  <last_update_submitted>April 8, 2021</last_update_submitted>
  <last_update_submitted_qc>April 8, 2021</last_update_submitted_qc>
  <last_update_posted type="Actual">April 9, 2021</last_update_posted>
  <responsible_party>
    <responsible_party_type>Sponsor</responsible_party_type>
  </responsible_party>
  <keyword>SARS-CoV-2</keyword>
  <keyword>Cytokines</keyword>
  <keyword>Spleen Tyrosine Kinase</keyword>
  <keyword>ARDS</keyword>
  <condition_browse>
    <!-- CAUTION:  The following MeSH terms are assigned with an imperfect algorithm            -->
    <mesh_term>Coronavirus Infections</mesh_term>
  </condition_browse>
  <!-- Results have not yet been posted for this study                                          -->
</clinical_study>

