<?xml version="1.0" encoding="UTF-8"?>
<clinical_study rank="2986">
  <!-- This xml conforms to an XML Schema at:
    https://clinicaltrials.gov/ct2/html/images/info/public.xsd -->
  <required_header>
    <download_date>ClinicalTrials.gov processed this data on April 23, 2021</download_date>
    <link_text>Link to the current ClinicalTrials.gov record.</link_text>
    <url>https://clinicaltrials.gov/show/NCT04802382</url>
  </required_header>
  <id_info>
    <org_study_id>MGC-008</org_study_id>
    <nct_id>NCT04802382</nct_id>
  </id_info>
  <brief_title>Clinical Study Designed to Evaluate the Effect of CimetrA in Patients Diagnosed With COVID-19</brief_title>
  <acronym>CimetrA</acronym>
  <official_title>A Phase III, Double-blind , Controlled Clinical Study Designed to Evaluate the Effect of CimetrA in Patients Diagnosed With COVID-19</official_title>
  <sponsors>
    <lead_sponsor>
      <agency>MGC Pharmaceuticals d.o.o</agency>
      <agency_class>Industry</agency_class>
    </lead_sponsor>
  </sponsors>
  <source>MGC Pharmaceuticals d.o.o</source>
  <oversight_info>
    <has_dmc>No</has_dmc>
    <is_fda_regulated_drug>No</is_fda_regulated_drug>
    <is_fda_regulated_device>No</is_fda_regulated_device>
  </oversight_info>
  <brief_summary>
    <textblock>
      A preparation of CimertrA, comprising Artemisinin, Curcumin, and Boswellia, and Vitamin C in&#xD;
      a nanoparticular formulation, is proposed as a treatment for the disease associated with the&#xD;
      novel coronavirus SARS-CoV-2. This initiative is presented under the urgent circumstances of&#xD;
      the fulminant pandemic caused by this lethal disease, which is known as COVID-19 and has&#xD;
      spread across the globe causing death and disrupting the normal function of modern society.&#xD;
      The grounds for the proposal are rooted in existing knowledge on the components and&#xD;
      pharmacological features of this formulation and their relevance to the current understanding&#xD;
      of the disease process being addressed.&#xD;
&#xD;
      The severe acute respiratory syndrome-associated coronavirus disease 2019 (COVID-19) illness&#xD;
      results from the immediate response to the viral infection as well as from a subsequent host&#xD;
      inflammatory response. Systemic proinflammatory cytokines and biomarkers are elevated as the&#xD;
      disease progresses towards its advanced stages, and correlate with worse chances of survival.&#xD;
&#xD;
      Serum cytokine levels that are elevated in patients with Covid-19-associated cytokine storm&#xD;
      include interleukin-1β, interleukin-6, IP-10, TNF, interferon-γ, macrophage inflammatory&#xD;
      protein (MIP) 1α and 1β, and VEGF. Higher interleukin-6 levels are strongly associated with&#xD;
      shorter survival. The relative frequencies of circulating activated CD4+ and CD8+ T cells and&#xD;
      plasmablasts are increased in Covid-19. In addition to the elevated systemic cytokine levels&#xD;
      and activated immune cells, several clinical and laboratory abnormalities, such as elevated&#xD;
      CRP and d-dimer levels, hypoalbuminemia, renal dysfunction, and effusions, are also observed&#xD;
      in Covid-19. Laboratory test results reflecting hyper inflammation and tissue damage were&#xD;
      found to predict worsening outcomes in Covid-19.&#xD;
&#xD;
      CimetrA, comprising Artemisinin, Curcumin, Boswellia, and Vitamin C in a nanoparticular&#xD;
      formulation, has been studied on patients with COVID-19 in a randomized double-blind control&#xD;
      Phase II study (MGC-006 - under a previous product name - ArtemiC). The study product&#xD;
      demonstrated excellent safety and efficacy profiles.&#xD;
&#xD;
      Experiments performed in vitro with CimetrA demonstrated the ability to reduce cytokine&#xD;
      elevation in response to stimulation of human PBMC preparations.&#xD;
&#xD;
      The currently proposed Multi-center multinational-controlled study is designed to include 252&#xD;
      adult patients who suffer from moderate COVID-19 infection. Safety will be assessed through&#xD;
      collection and analysis of adverse events, blood and urine laboratory assessments, and vital&#xD;
      signs.&#xD;
&#xD;
      After the screening visit, the study drug will be administrated twice a day morning and&#xD;
      evening (every 12 hours) during (day 1 and day 2) The patients will be randomized in 1:1:1&#xD;
      ratio to study drug (CimetrA) in addition to Standard of Care (Arm 1 (CimetrA-1) or Arm 2&#xD;
      (CimetrA-2)) or Placebo in addition to Standard of Care (Arm 3).&#xD;
    </textblock>
  </brief_summary>
  <detailed_description>
    <textblock>
      The study will take place during the patient's hospitalization due to a COVID-19 infection.&#xD;
      The study will last up to 4 weeks, until the conclusion on day 28. In case of hospital&#xD;
      discharge within the study period, follow-up will continue per protocol until day 28 wherever&#xD;
      the subject will be located, performed via phone call or in-clinic, depending on the status&#xD;
      of the patient and study schedule.&#xD;
&#xD;
      252 adult patients who suffer from COVID-19 infection and do not participate in any other&#xD;
      clinical trial. The patient must not agree to participate in any new clinical study during&#xD;
      the study duration. The study will take place during the patient's hospitalization due to a&#xD;
      COVID-19 infection. The study will last up to 4 weeks, until the conclusion on day 28. In&#xD;
      case of hospital discharge within the study period, follow-up will continue per protocol&#xD;
      until day 28 wherever the subject will be located, performed via phone call or in-clinic,&#xD;
      depending on the status of the patient and study schedule.&#xD;
&#xD;
      Day 1 Prior to engaging in any study procedures, the subject must meet the&#xD;
      inclusion/exclusion criteria by history (which includes a signed declination), and review and&#xD;
      sign an ICF. Following procedures will be performed during the visit -&#xD;
&#xD;
        -  Inclusion/Exclusion criteria evaluation&#xD;
&#xD;
        -  Informed Consent&#xD;
&#xD;
        -  Medical History&#xD;
&#xD;
        -  Concomitant Medications&#xD;
&#xD;
        -  Physical Examination&#xD;
&#xD;
        -  Vital Signs&#xD;
&#xD;
        -  Hematology blood test (local, mandatory even if there are available results from the day&#xD;
           before)&#xD;
&#xD;
        -  Biochemistry blood test (local, mandatory even if there are available results from the&#xD;
           day before)&#xD;
&#xD;
        -  NEWS score&#xD;
&#xD;
        -  PK test (brazil only, central)*&#xD;
&#xD;
        -  Blood test for inflammatory markers (IL-6, IL-1β, IL-12, TNF α, IFN-γ) (local)&#xD;
&#xD;
        -  D-Dimer test (local)&#xD;
&#xD;
        -  VAS scale&#xD;
&#xD;
        -  Urine pregnancy test for women of childbearing potential&#xD;
&#xD;
        -  ECG&#xD;
&#xD;
        -  COVID-19-Impact on Quality of Life Questionnaire (will be completed by the staff based&#xD;
           on the patient answer)&#xD;
&#xD;
        -  Randomization in 1:1:1 ratio to study drug (CimetrA) in addition to Standard of Care&#xD;
           (Arm 1 (CimetrA-1) or Arm 2 (CimetrA-2)) or Placebo in addition to Standard of Care (Arm&#xD;
           3)&#xD;
&#xD;
        -  Treatment administration (twice a day, morning and evening)&#xD;
&#xD;
        -  Test for detection COVID-19 (within 5 days from admission to hospital)&#xD;
&#xD;
      Day 2&#xD;
&#xD;
        -  Concomitant Medications&#xD;
&#xD;
        -  AE Assessment&#xD;
&#xD;
        -  Physical Examination&#xD;
&#xD;
        -  Vital Signs&#xD;
&#xD;
        -  Hematology blood test (local, mandatory even if there are available results from the day&#xD;
           before)&#xD;
&#xD;
        -  Biochemistry blood test (local, mandatory even if there are available results from the&#xD;
           day before)&#xD;
&#xD;
        -  NEWS score&#xD;
&#xD;
        -  Blood test for inflammatory markers (IL-6, IL-1β, IL-12, TNF α, IFN-γ) (local)&#xD;
&#xD;
        -  D-Dimer test (local)&#xD;
&#xD;
        -  VAS scale&#xD;
&#xD;
        -  Treatment administration (twice a day, morning and evening)&#xD;
&#xD;
      Days 3-6&#xD;
&#xD;
        -  Concomitant Medications&#xD;
&#xD;
        -  AE assessment&#xD;
&#xD;
        -  Physical Examination&#xD;
&#xD;
        -  Vital Signs&#xD;
&#xD;
        -  Hematology blood test **&#xD;
&#xD;
        -  Biochemistry blood test **&#xD;
&#xD;
        -  News score **&#xD;
&#xD;
        -  Blood test for inflammatory markers (IL-6, IL-1β, IL-12, TNF α, IFN-γ) (local)&#xD;
&#xD;
        -  VAS scale&#xD;
&#xD;
      Day 7&#xD;
&#xD;
        -  Concomitant Medications&#xD;
&#xD;
        -  AE assessment&#xD;
&#xD;
        -  Physical Examination&#xD;
&#xD;
        -  Vital Signs&#xD;
&#xD;
        -  Hematology blood test (local, mandatory even if there are available results from the day&#xD;
           before)&#xD;
&#xD;
        -  Biochemistry blood test (local, mandatory even if there are available results from the&#xD;
           day before)&#xD;
&#xD;
        -  News score&#xD;
&#xD;
        -  Blood test for inflammatory markers (IL-6, IL-1β, IL-12, TNF α, IFN-γ) (local)&#xD;
&#xD;
        -  D-Dimer test (local)&#xD;
&#xD;
        -  VAS scale&#xD;
&#xD;
        -  COVID-19-Impact on Quality of Life Questionnaire (will be completed by the staff based&#xD;
           on the patient answer)&#xD;
&#xD;
      Days 8-13&#xD;
&#xD;
        -  Concomitant Medications&#xD;
&#xD;
        -  AE assessment&#xD;
&#xD;
        -  Physical Examination&#xD;
&#xD;
        -  Vital Signs&#xD;
&#xD;
        -  Hematology blood test **&#xD;
&#xD;
        -  Biochemistry blood test **&#xD;
&#xD;
        -  News score **&#xD;
&#xD;
        -  VAS scale&#xD;
&#xD;
      Day 14&#xD;
&#xD;
        -  Concomitant Medications&#xD;
&#xD;
        -  AE assessment&#xD;
&#xD;
        -  Physical Examination&#xD;
&#xD;
        -  Vital Signs&#xD;
&#xD;
        -  Hematology blood test (local, mandatory even if there are available results from the day&#xD;
           before)&#xD;
&#xD;
        -  Biochemistry blood test (local, mandatory even if there are available results from the&#xD;
           day before)&#xD;
&#xD;
        -  News score&#xD;
&#xD;
        -  Blood test for inflammatory markers (IL-6, IL-1β, IL-12, TNF α, IFN-γ) (local)&#xD;
&#xD;
        -  D-Dimer test (local)&#xD;
&#xD;
        -  VAS scale&#xD;
&#xD;
        -  Test for detection COVID-19&#xD;
&#xD;
        -  COVID-19-Impact on Quality of Life Questionnaire (will be completed by the staff based&#xD;
           on the patient answer)&#xD;
&#xD;
      Day 21 (phone visit)&#xD;
&#xD;
        -  Concomitant Medications&#xD;
&#xD;
        -  AE assessment&#xD;
&#xD;
        -  VAS scale&#xD;
&#xD;
        -  COVID-19-Impact on Quality of Life Questionnaire (will be completed by the staff based&#xD;
           on the patient answer)&#xD;
&#xD;
      Day 28 - Follow Up (clinic visit)&#xD;
&#xD;
        -  Concomitant Medications&#xD;
&#xD;
        -  AE assessment&#xD;
&#xD;
        -  Physical Examination&#xD;
&#xD;
        -  Vital Signs&#xD;
&#xD;
        -  Hematology blood test (local, mandatory even if there are available results from the day&#xD;
           before)&#xD;
&#xD;
        -  Biochemistry blood test (local, mandatory even if there are available results from the&#xD;
           day before)&#xD;
&#xD;
        -  News score&#xD;
&#xD;
        -  Blood test for inflammatory markers (IL-6, IL-1β, IL-12, TNF α, IFN-γ) (local)&#xD;
&#xD;
        -  D-Dimer test (local)&#xD;
&#xD;
        -  VAS scale&#xD;
&#xD;
        -  Test for detection COVID-19&#xD;
&#xD;
        -  Urine pregnancy test for women of childbearing potential&#xD;
&#xD;
        -  ECG&#xD;
&#xD;
        -  COVID-19-Impact on Quality of Life Questionnaire (will be completed by the staff based&#xD;
           on the patient answer)&#xD;
    </textblock>
  </detailed_description>
  <overall_status>Not yet recruiting</overall_status>
  <start_date type="Anticipated">April 2021</start_date>
  <completion_date type="Anticipated">December 2021</completion_date>
  <primary_completion_date type="Anticipated">December 2021</primary_completion_date>
  <phase>Phase 3</phase>
  <study_type>Interventional</study_type>
  <has_expanded_access>No</has_expanded_access>
  <study_design_info>
    <allocation>Randomized</allocation>
    <intervention_model>Parallel Assignment</intervention_model>
    <intervention_model_description>Patients will be randomized in 1:1:1 ratio to one of the three arms.</intervention_model_description>
    <primary_purpose>Treatment</primary_purpose>
    <masking>Quadruple (Participant, Care Provider, Investigator, Outcomes Assessor)</masking>
  </study_design_info>
  <primary_outcome>
    <measure>clinical improvement in treatment groups</measure>
    <time_frame>up to 28 days</time_frame>
    <description>Time to sustained clinical improvement, defined as a national Early Warning Score 2 (NEWS2) of 2 Maintained for 24 Hours in comparison to routine treatment (measured on days 7, 14, 28)</description>
  </primary_outcome>
  <secondary_outcome>
    <measure>oxygen dependency</measure>
    <time_frame>up to 28 days</time_frame>
    <description>Number of participants with depending on oxygen supplementation through day 28 since onset of symptoms</description>
  </secondary_outcome>
  <secondary_outcome>
    <measure>change in inflammatory marker levels</measure>
    <time_frame>up to day 28</time_frame>
    <description>Change in inflammatory marker levels - IL-6, IL-1β, IL-12, TNF α, IFN-γ, CRP, NLR (Neutrophil / Lymphocyte ratio) at days 1, 2, 4, 7, 14, 28</description>
  </secondary_outcome>
  <secondary_outcome>
    <measure>effective dose determination</measure>
    <time_frame>up to 28 days</time_frame>
    <description>Definition of the active dose of CimetrA</description>
  </secondary_outcome>
  <secondary_outcome>
    <measure>Pharmacokinetic profile</measure>
    <time_frame>up to 28 days</time_frame>
    <description>Pharmacokinetic profile of the study drug-AUC(mmol/L·h)</description>
  </secondary_outcome>
  <secondary_outcome>
    <measure>Pharmacokinetic profile</measure>
    <time_frame>up to 28 days</time_frame>
    <description>Pharmacokinetic profile of the study drug-Tmax (Hour)</description>
  </secondary_outcome>
  <secondary_outcome>
    <measure>Pharmacokinetic profile</measure>
    <time_frame>up to 28 days</time_frame>
    <description>Pharmacokinetic profile of the study drug-Cmax (mmol/L)</description>
  </secondary_outcome>
  <secondary_outcome>
    <measure>Incidence of mechanical ventilation</measure>
    <time_frame>up to 28 days</time_frame>
    <description>Incidence of mechanical ventilation</description>
  </secondary_outcome>
  <secondary_outcome>
    <measure>Incidence of Intensive Care Unit (ICU) stay during COVID-19 complication</measure>
    <time_frame>up to 28 days</time_frame>
    <description>Incidence of Intensive Care Unit (ICU) stay during COVID-19 complication</description>
  </secondary_outcome>
  <secondary_outcome>
    <measure>evaluation of drug related adverse events</measure>
    <time_frame>up to 28 days</time_frame>
    <description>Percentage of participants with definite or probable drug related adverse events</description>
  </secondary_outcome>
  <secondary_outcome>
    <measure>Long term adverse events of COVID-19</measure>
    <time_frame>up to 28 days</time_frame>
    <description>Long term adverse events of COVID-19 on Day 28</description>
  </secondary_outcome>
  <secondary_outcome>
    <measure>Quality of life of patients</measure>
    <time_frame>up to 28 days</time_frame>
    <description>Quality of life of patients on Days 0, 14 and 28. COVID-19 - Impact on Quality of Life (COV19-QoL) scale questionnaire. The scale was made in order to serve as a tool for controlling the impact of the situation with the COVID19 pandemic in general on findings of various research on mental health.The higher score, the greater impact on quality of life and related domains subjectively perceived by the participants.&#xD;
Scores could be displayed and analyzed for each item separately. recommend the following way of calculating the total score for each participant: summing the scores on all of the items and dividing that result by the number of items (i.e. 6). Hence, the total score will be the average of all the items. The average score is measured between 1-5 scale.</description>
  </secondary_outcome>
  <other_outcome>
    <measure>Duration of mechanical ventilation</measure>
    <time_frame>up to day 28</time_frame>
    <description>Duration of mechanical ventilation</description>
  </other_outcome>
  <other_outcome>
    <measure>Course of change in D Dimer levels compared to baseline</measure>
    <time_frame>up to 28 days</time_frame>
  </other_outcome>
  <other_outcome>
    <measure>Occurrence of secondary infections</measure>
    <time_frame>up to 28 days</time_frame>
  </other_outcome>
  <number_of_arms>3</number_of_arms>
  <enrollment type="Anticipated">252</enrollment>
  <condition>Corona Virus Infection</condition>
  <condition>Covid19</condition>
  <condition>SARS-CoV Infection</condition>
  <arm_group>
    <arm_group_label>Arm 1 - CimetrA-1</arm_group_label>
    <arm_group_type>Experimental</arm_group_type>
    <description>a total dose containing a combination of Artemisinin 12 mg, Curcumin 40 mg, Boswellia 30 mg, and Vitamin C 120 mg in spray administration - divided into 4 separate doses given as an add on therapy, 4 doses over 48 hours (day 1 and day 2), twice a day (morning and evening).</description>
  </arm_group>
  <arm_group>
    <arm_group_label>Arm 2 - CimetrA-2</arm_group_label>
    <arm_group_type>Experimental</arm_group_type>
    <description>a total dose containing a combination of Artemisinin 8.4 mg, Curcumin 28 mg, Boswellia 21 mg, and Vitamin C 84 mg in spray administration - divided into 4 separate doses given as an add on therapy, 4 doses over 48 hours (day 1 and day 2), twice a day (morning and evening).</description>
  </arm_group>
  <arm_group>
    <arm_group_label>Arm 3 - Placebo</arm_group_label>
    <arm_group_type>Placebo Comparator</arm_group_type>
    <description>composed of the same solvent but without active ingredients, given as an add on therapy in spray administration, 4 doses over 48 hours (day 1 and day 2), twice a day (morning and evening).</description>
  </arm_group>
  <intervention>
    <intervention_type>Drug</intervention_type>
    <intervention_name>Placebo administration</intervention_name>
    <description>patients will receive the placebo treatment in addition to Standard of Care</description>
    <arm_group_label>Arm 3 - Placebo</arm_group_label>
  </intervention>
  <intervention>
    <intervention_type>Diagnostic Test</intervention_type>
    <intervention_name>Confirm SARS-CoV-2 infection</intervention_name>
    <description>patients will be tested for SARS-CoV-2 on days 1, 14 and 28</description>
    <arm_group_label>Arm 1 - CimetrA-1</arm_group_label>
    <arm_group_label>Arm 2 - CimetrA-2</arm_group_label>
    <arm_group_label>Arm 3 - Placebo</arm_group_label>
    <other_name>Covid-19 test</other_name>
  </intervention>
  <intervention>
    <intervention_type>Procedure</intervention_type>
    <intervention_name>Physical Examination</intervention_name>
    <description>patients will undergo a physical examination on days 1-14 and day 28</description>
    <arm_group_label>Arm 1 - CimetrA-1</arm_group_label>
    <arm_group_label>Arm 2 - CimetrA-2</arm_group_label>
    <arm_group_label>Arm 3 - Placebo</arm_group_label>
  </intervention>
  <intervention>
    <intervention_type>Procedure</intervention_type>
    <intervention_name>Vital Signs</intervention_name>
    <description>patient's vital signs will be measured on days 1-14 and day 28</description>
    <arm_group_label>Arm 1 - CimetrA-1</arm_group_label>
    <arm_group_label>Arm 2 - CimetrA-2</arm_group_label>
    <arm_group_label>Arm 3 - Placebo</arm_group_label>
  </intervention>
  <intervention>
    <intervention_type>Diagnostic Test</intervention_type>
    <intervention_name>Hematology blood test</intervention_name>
    <description>patients will provide a blood sample for a hematology blood test on days 1-14 and day 28</description>
    <arm_group_label>Arm 1 - CimetrA-1</arm_group_label>
    <arm_group_label>Arm 2 - CimetrA-2</arm_group_label>
    <arm_group_label>Arm 3 - Placebo</arm_group_label>
    <other_name>blood tests</other_name>
  </intervention>
  <intervention>
    <intervention_type>Diagnostic Test</intervention_type>
    <intervention_name>Biochemistry blood test</intervention_name>
    <description>patients will provide a blood sample for a biochemistry blood test on days 1-14 and day 28</description>
    <arm_group_label>Arm 1 - CimetrA-1</arm_group_label>
    <arm_group_label>Arm 2 - CimetrA-2</arm_group_label>
    <arm_group_label>Arm 3 - Placebo</arm_group_label>
    <other_name>blood tests</other_name>
  </intervention>
  <intervention>
    <intervention_type>Other</intervention_type>
    <intervention_name>NEWS score</intervention_name>
    <description>patient's NEWS score will be evaluated on days 1-14 and day 28</description>
    <arm_group_label>Arm 1 - CimetrA-1</arm_group_label>
    <arm_group_label>Arm 2 - CimetrA-2</arm_group_label>
    <arm_group_label>Arm 3 - Placebo</arm_group_label>
    <other_name>scoring</other_name>
  </intervention>
  <intervention>
    <intervention_type>Diagnostic Test</intervention_type>
    <intervention_name>PK test</intervention_name>
    <description>PK test will be performed on day 1 only (only in Brazil sites)</description>
    <arm_group_label>Arm 1 - CimetrA-1</arm_group_label>
    <arm_group_label>Arm 2 - CimetrA-2</arm_group_label>
    <arm_group_label>Arm 3 - Placebo</arm_group_label>
    <other_name>pharmacokinetics</other_name>
  </intervention>
  <intervention>
    <intervention_type>Diagnostic Test</intervention_type>
    <intervention_name>blood test for inflammatory markers</intervention_name>
    <description>patients will provide a blood sample for an inflammatory markers blood test (IL-6, IL-1β, IL-12, TNF α, IFN-γ) on days 1-7, day 14, and day 28</description>
    <arm_group_label>Arm 1 - CimetrA-1</arm_group_label>
    <arm_group_label>Arm 2 - CimetrA-2</arm_group_label>
    <arm_group_label>Arm 3 - Placebo</arm_group_label>
    <other_name>blood tests</other_name>
  </intervention>
  <intervention>
    <intervention_type>Diagnostic Test</intervention_type>
    <intervention_name>D-dimer test</intervention_name>
    <description>patients will provide a blood sample for D-dimer blood test on days 1, day 2, day 7, day 14, and day 28</description>
    <arm_group_label>Arm 1 - CimetrA-1</arm_group_label>
    <arm_group_label>Arm 2 - CimetrA-2</arm_group_label>
    <arm_group_label>Arm 3 - Placebo</arm_group_label>
    <other_name>blood tests</other_name>
  </intervention>
  <intervention>
    <intervention_type>Other</intervention_type>
    <intervention_name>VAS scale</intervention_name>
    <description>patient's VAS scale will be evaluated on days 1-14, day 21, and day 28</description>
    <arm_group_label>Arm 1 - CimetrA-1</arm_group_label>
    <arm_group_label>Arm 2 - CimetrA-2</arm_group_label>
    <arm_group_label>Arm 3 - Placebo</arm_group_label>
    <other_name>scoring</other_name>
  </intervention>
  <intervention>
    <intervention_type>Diagnostic Test</intervention_type>
    <intervention_name>Urine pregnancy test for women of childbearing potential</intervention_name>
    <description>patients will provide a urine sample for a urine pregnancy test on days 1, and day 28</description>
    <arm_group_label>Arm 1 - CimetrA-1</arm_group_label>
    <arm_group_label>Arm 2 - CimetrA-2</arm_group_label>
    <arm_group_label>Arm 3 - Placebo</arm_group_label>
    <other_name>pregnancy test</other_name>
  </intervention>
  <intervention>
    <intervention_type>Procedure</intervention_type>
    <intervention_name>ECG</intervention_name>
    <description>patients will undergo an ECG examination on days 1, and day 28</description>
    <arm_group_label>Arm 1 - CimetrA-1</arm_group_label>
    <arm_group_label>Arm 2 - CimetrA-2</arm_group_label>
    <arm_group_label>Arm 3 - Placebo</arm_group_label>
  </intervention>
  <intervention>
    <intervention_type>Other</intervention_type>
    <intervention_name>COVID-19-Impact on Quality of Life Questionnaire</intervention_name>
    <description>patients will answer the COVID-19-Impact on Quality of Life Questionnaire on days 1, 7,14,21 and 28</description>
    <arm_group_label>Arm 1 - CimetrA-1</arm_group_label>
    <arm_group_label>Arm 2 - CimetrA-2</arm_group_label>
    <arm_group_label>Arm 3 - Placebo</arm_group_label>
  </intervention>
  <intervention>
    <intervention_type>Drug</intervention_type>
    <intervention_name>CimetrA-1</intervention_name>
    <description>patients will receive the study treatment, CimetrA-1 treatment in addition to Standard of Care</description>
    <arm_group_label>Arm 1 - CimetrA-1</arm_group_label>
    <other_name>CimetrA-1 drug administration</other_name>
  </intervention>
  <intervention>
    <intervention_type>Drug</intervention_type>
    <intervention_name>CimetrA-2</intervention_name>
    <description>patients will receive the study treatment, CimetrA-2 treatment in addition to Standard of Care</description>
    <arm_group_label>Arm 2 - CimetrA-2</arm_group_label>
    <other_name>CimetrA- 2 drug administration</other_name>
  </intervention>
  <eligibility>
    <criteria>
      <textblock>
        Inclusion Criteria:&#xD;
&#xD;
          1. Confirmed SARS-CoV-2 infection (according to nationally authorized laboratory&#xD;
             criteria)&#xD;
&#xD;
          2. Hospitalized patient with COVID-19 of moderate stable or worsening severity not&#xD;
             requiring ICU admission.&#xD;
&#xD;
          3. Age: 18 years old and above.&#xD;
&#xD;
          4. Subjects must be under observation or admitted to a controlled facility or hospital&#xD;
             (home quarantine is not sufficient).&#xD;
&#xD;
          5. Ability to receive treatment by spray into the oral cavity&#xD;
&#xD;
        Exclusion Criteria:&#xD;
&#xD;
          1. Tube feeding or parenteral nutrition.&#xD;
&#xD;
          2. Patients with scores 5 or above per the Ordinal Scale for Clinical Improvement&#xD;
             published by the WHO. (i.e., who need oxygen supply beyond use of nozzles or simple&#xD;
             mask)&#xD;
&#xD;
          3. Need for admission to ICU during the present hospitalization at any time prior to&#xD;
             completion of the recruitment to the study.&#xD;
&#xD;
          4. Any condition which, in the opinion of the Principal Investigator, would prevent full&#xD;
             participation in this trial or would interfere with the evaluation of the trial&#xD;
             endpoints.&#xD;
      </textblock>
    </criteria>
    <gender>All</gender>
    <minimum_age>18 Years</minimum_age>
    <maximum_age>N/A</maximum_age>
    <healthy_volunteers>No</healthy_volunteers>
  </eligibility>
  <verification_date>March 2021</verification_date>
  <study_first_submitted>March 10, 2021</study_first_submitted>
  <study_first_submitted_qc>March 16, 2021</study_first_submitted_qc>
  <study_first_posted type="Actual">March 17, 2021</study_first_posted>
  <last_update_submitted>March 16, 2021</last_update_submitted>
  <last_update_submitted_qc>March 16, 2021</last_update_submitted_qc>
  <last_update_posted type="Actual">March 17, 2021</last_update_posted>
  <responsible_party>
    <responsible_party_type>Sponsor</responsible_party_type>
  </responsible_party>
  <keyword>corona</keyword>
  <keyword>covid19</keyword>
  <keyword>covid</keyword>
  <keyword>coronavirus</keyword>
  <keyword>corona virus infection</keyword>
  <keyword>sars-cov-2</keyword>
  <condition_browse>
    <!-- CAUTION:  The following MeSH terms are assigned with an imperfect algorithm            -->
    <mesh_term>Infection</mesh_term>
    <mesh_term>Communicable Diseases</mesh_term>
    <mesh_term>Virus Diseases</mesh_term>
    <mesh_term>Coronavirus Infections</mesh_term>
    <mesh_term>Severe Acute Respiratory Syndrome</mesh_term>
  </condition_browse>
  <intervention_browse>
    <!-- CAUTION:  The following MeSH terms are assigned with an imperfect algorithm            -->
    <mesh_term>Fibrin fragment D</mesh_term>
  </intervention_browse>
  <!-- Results have not yet been posted for this study                                          -->
</clinical_study>

