<?xml version="1.0" encoding="UTF-8"?>
<clinical_study rank="3085">
  <!-- This xml conforms to an XML Schema at:
    https://clinicaltrials.gov/ct2/html/images/info/public.xsd -->
  <required_header>
    <download_date>ClinicalTrials.gov processed this data on April 23, 2021</download_date>
    <link_text>Link to the current ClinicalTrials.gov record.</link_text>
    <url>https://clinicaltrials.gov/show/NCT04344249</url>
  </required_header>
  <id_info>
    <org_study_id>RC20_0150</org_study_id>
    <nct_id>NCT04344249</nct_id>
  </id_info>
  <brief_title>Cohort of Patients With Inflammatory Bowel Disease During COVID-19 Pandemic</brief_title>
  <acronym>IBD-COVID-19</acronym>
  <official_title>Prospective Multicenter Cohort of Patients With Inflammatory Bowel Disease Treated by Infliximab or Vedolizumab During COVID-19 Pandemic</official_title>
  <sponsors>
    <lead_sponsor>
      <agency>Nantes University Hospital</agency>
      <agency_class>Other</agency_class>
    </lead_sponsor>
  </sponsors>
  <source>Nantes University Hospital</source>
  <oversight_info>
    <has_dmc>No</has_dmc>
    <is_fda_regulated_drug>No</is_fda_regulated_drug>
    <is_fda_regulated_device>No</is_fda_regulated_device>
  </oversight_info>
  <brief_summary>
    <textblock>
      Multicenter cohort of patients followed for 6 months during the pandemic in France with&#xD;
      biocollection of sera and peripheral blood mononuclear cells&#xD;
    </textblock>
  </brief_summary>
  <detailed_description>
    <textblock>
      Multicenter cohort of patients followed for 6 months during the pandemic in France with&#xD;
      biocollection of sera and peripheral blood mononuclear cellsNo data has been published&#xD;
      concerning the incidence and prevalence of SARS-CoV-2 infection in patients with IBD and&#xD;
      treated by IV infusion of infliximab or vedolizumab. It seems that biotherapies have a&#xD;
      minimal impact on the severity of the viral infection but data are scarce. The objectives of&#xD;
      the cohort are to quantify the incidence and the prevalence of SARS-CoV-2 in this population&#xD;
      of patients, to determine clinical, demographic and biological factors associated with the&#xD;
      risk of infection and the severity of the disease with a Multicenter cohort of patients&#xD;
      followed for 6 months during the pandemic in France with biocollection of sera and peripheral&#xD;
      blood mononuclear cells.&#xD;
    </textblock>
  </detailed_description>
  <overall_status>Recruiting</overall_status>
  <start_date type="Actual">April 10, 2020</start_date>
  <completion_date type="Anticipated">September 1, 2021</completion_date>
  <primary_completion_date type="Anticipated">September 30, 2020</primary_completion_date>
  <study_type>Observational [Patient Registry]</study_type>
  <has_expanded_access>No</has_expanded_access>
  <study_design_info>
    <observational_model>Cohort</observational_model>
    <time_perspective>Prospective</time_perspective>
  </study_design_info>
  <target_duration>6 Months</target_duration>
  <primary_outcome>
    <measure>IgG and IgM anti SARS-CoV-2</measure>
    <time_frame>through study completion, an average of 2 year</time_frame>
    <description>Impact of antibodies du to immunosuppressive protocol on the risk of viral infection</description>
  </primary_outcome>
  <secondary_outcome>
    <measure>Clinical factors and severity of COVID-19 infection</measure>
    <time_frame>through study completion, an average of 2 year</time_frame>
    <description>Describe clinical factors of the population of IBD patients treated with vedolizumab or infliximab who develop asymptomatic, pauci-symptomatic non-hospitalized and severe IBD requiring hospital management.&#xD;
weight (Kg)&#xD;
height (m)&#xD;
ABO Group ....</description>
  </secondary_outcome>
  <secondary_outcome>
    <measure>demographic factors and severity of COVID-19 infection</measure>
    <time_frame>through study completion, an average of 2 year</time_frame>
    <description>Describe demographic factors of the population of IBD patients treated with vedolizumab or infliximab who develop asymptomatic, pauci-symptomatic non-hospitalized and severe IBD requiring hospital management.&#xD;
ACCOMMODATION&#xD;
HOUSING AREA&#xD;
number of people at home ....</description>
  </secondary_outcome>
  <secondary_outcome>
    <measure>pharmacologic factors and severity of COVID-19 infection</measure>
    <time_frame>through study completion, an average of 2 year</time_frame>
    <description>Describe residual rates of treatments (edolizumab or infliximab) of the population of IBD patients who develop asymptomatic, pauci-symptomatic non-hospitalized and severe IBD requiring hospital management.</description>
  </secondary_outcome>
  <enrollment type="Anticipated">850</enrollment>
  <condition>IBD</condition>
  <condition>COVID</condition>
  <biospec_retention>Samples With DNA</biospec_retention>
  <biospec_descr>
    <textblock>
      Blood&#xD;
    </textblock>
  </biospec_descr>
  <eligibility>
    <study_pop>
      <textblock>
        all adult patients with Crohn's disease or ulcerative colitis treated by infliximab or&#xD;
        vedolizumab&#xD;
      </textblock>
    </study_pop>
    <sampling_method>Non-Probability Sample</sampling_method>
    <criteria>
      <textblock>
        Inclusion Criteria:&#xD;
&#xD;
          -  adult patients (&gt;18 years), know Crohn's disease or ulcerative colitis, treated by&#xD;
             infliximab or vedolizumab&#xD;
&#xD;
        Exclusion Criteria:&#xD;
&#xD;
          -  not affiliated to a sanitary social insurance&#xD;
      </textblock>
    </criteria>
    <gender>All</gender>
    <minimum_age>18 Years</minimum_age>
    <maximum_age>100 Years</maximum_age>
    <healthy_volunteers>No</healthy_volunteers>
  </eligibility>
  <overall_contact>
    <last_name>Arnaud Bourreille, Pr</last_name>
    <phone>0240083152</phone>
    <phone_ext>+(33)</phone_ext>
    <email>arnaud.bourreille@chu-nantes.fr</email>
  </overall_contact>
  <location>
    <facility>
      <name>Chu Nantes</name>
      <address>
        <city>Nantes</city>
        <country>France</country>
      </address>
    </facility>
    <status>Recruiting</status>
    <contact>
      <last_name>ARNAUD BOURREILLE</last_name>
      <email>arnaud.bourreille@chu-nantes.fr</email>
    </contact>
  </location>
  <location_countries>
    <country>France</country>
  </location_countries>
  <verification_date>April 2020</verification_date>
  <study_first_submitted>April 8, 2020</study_first_submitted>
  <study_first_submitted_qc>April 10, 2020</study_first_submitted_qc>
  <study_first_posted type="Actual">April 14, 2020</study_first_posted>
  <last_update_submitted>April 28, 2020</last_update_submitted>
  <last_update_submitted_qc>April 28, 2020</last_update_submitted_qc>
  <last_update_posted type="Actual">April 30, 2020</last_update_posted>
  <responsible_party>
    <responsible_party_type>Sponsor</responsible_party_type>
  </responsible_party>
  <keyword>IBD</keyword>
  <keyword>Ulcerative colitis</keyword>
  <keyword>SARS-CoV-2</keyword>
  <keyword>infliximab</keyword>
  <keyword>vedolizumab</keyword>
  <keyword>Crohn's disease</keyword>
  <condition_browse>
    <!-- CAUTION:  The following MeSH terms are assigned with an imperfect algorithm            -->
    <mesh_term>Inflammatory Bowel Diseases</mesh_term>
  </condition_browse>
  <!-- Results have not yet been posted for this study                                          -->
</clinical_study>

