<?xml version="1.0" encoding="UTF-8"?>
<clinical_study rank="4101">
  <!-- This xml conforms to an XML Schema at:
    https://clinicaltrials.gov/ct2/html/images/info/public.xsd -->
  <required_header>
    <download_date>ClinicalTrials.gov processed this data on April 23, 2021</download_date>
    <link_text>Link to the current ClinicalTrials.gov record.</link_text>
    <url>https://clinicaltrials.gov/show/NCT03042143</url>
  </required_header>
  <id_info>
    <org_study_id>16154DMcA-AS</org_study_id>
    <nct_id>NCT03042143</nct_id>
  </id_info>
  <brief_title>Repair of Acute Respiratory Distress Syndrome by Stromal Cell Administration (REALIST) (COVID-19)</brief_title>
  <acronym>REALIST</acronym>
  <official_title>Repair of Acute Respiratory Distress Syndrome by Stromal Cell Administration (REALIST): An Open Label Dose Escalation Phase 1 Trial Followed by a Randomized, Double-blind, Placebo-controlled Phase 2 Trial (COVID-19)</official_title>
  <sponsors>
    <lead_sponsor>
      <agency>Belfast Health and Social Care Trust</agency>
      <agency_class>Other</agency_class>
    </lead_sponsor>
    <collaborator>
      <agency>Queen's University, Belfast</agency>
      <agency_class>Other</agency_class>
    </collaborator>
    <collaborator>
      <agency>Northern Ireland Clinical Trials Unit</agency>
      <agency_class>Other</agency_class>
    </collaborator>
    <collaborator>
      <agency>NHS Blood and Transplant</agency>
      <agency_class>Other</agency_class>
    </collaborator>
  </sponsors>
  <source>Belfast Health and Social Care Trust</source>
  <oversight_info>
    <has_dmc>Yes</has_dmc>
    <is_fda_regulated_drug>No</is_fda_regulated_drug>
    <is_fda_regulated_device>No</is_fda_regulated_device>
  </oversight_info>
  <brief_summary>
    <textblock>
      Acute Respiratory Distress Syndrome (ARDS) causes the lungs to fail due to the collection of&#xD;
      fluid in the lungs (pulmonary oedema). ARDS is common in severely ill patients in Intensive&#xD;
      Care Units and is associated with a high mortality and a high morbidity in those who survive.&#xD;
      ARDS occurs in approximately 20% case of COVID-19 and respiratory failure is the leading&#xD;
      cause of mortality. There is a large economic burden with direct healthcare costs, but also&#xD;
      indirectly due to the impact on the carer and patient through the patients inability to&#xD;
      return to full time employment. There is little evidence for effective drug (pharmacological)&#xD;
      treatment for ARDS. There is increasing information that mesenchymal stem cells (MSCs) might&#xD;
      be important in treating ARDS. REALIST will investigate if a single infusion of MSCs will&#xD;
      help in the treatment of ARDS. The first step will be to first of all determine what dose of&#xD;
      MSCs is safe and then divide patients suffering from ARDS into two groups, one of which will&#xD;
      get MSCs and the other a harmless dummy (or placebo) infusion, who will then be followed up&#xD;
      to determine if lung function improves. If effective this may lead to further research to&#xD;
      determine if MSCs are effective in patients with ARDS.&#xD;
    </textblock>
  </brief_summary>
  <detailed_description>
    <textblock>
      The role of MSCs as a novel treatment in ARDS. Mesenchymal Stem Cells (MSCs) are a&#xD;
      mononuclear cell population that have the potential to differentiate into multiple lineages,&#xD;
      and bone, cartilage and adipocyte cells in particular. Cell-based therapies have been termed&#xD;
      the &quot;next pillar of Medicine&quot;. MSCs constitute an innovative approach with substantial&#xD;
      therapeutic promise for ARDS. MSCs possess several favorable biological characteristics,&#xD;
      including convenient isolation, ease of expansion in culture while maintaining genetic&#xD;
      stability, minimal immunogenicity and feasibility for allogenic transplantation.&#xD;
&#xD;
      MSCs reduce inflammation and enhance bacterial clearance during rodent and murine bacterial&#xD;
      pneumonia, and augment repair of the animal and human lung. Large animal studies have also&#xD;
      replicated these beneficial effects. Bone marrow derived (BM) hMSCs decreased acute lung&#xD;
      injury (ALI), without producing organ toxicity, in endotoxin injured pigs. Two randomised&#xD;
      small phase 1 studies of plastic adherent MSCs in patients with ARDS have taken place. In&#xD;
      Japan, investigators used adipose-derived plastic adherent cells in a small cohort (n=12) of&#xD;
      patients with ARDS randomized 1:1 to MSCs or placebo: showing that the cells were safe and&#xD;
      well-tolerated in this patient group, and were associated with reduced plasma levels of the&#xD;
      alveolar epithelial cell injury marker SP-D. In the US Matthay has completed the phase 1&#xD;
      START trial, using a dose escalation study of plastic adherent bone marrow derived MSCs, in&#xD;
      patients with moderate to severe ARDS. START showed that marrow derived MSCs at similar doses&#xD;
      to those proposed in this study are safe and well-tolerated, (n=9), with a trend to reduced&#xD;
      lung injury in the group treated with the highest (10x106cells/kg) compared with the lower&#xD;
      doses, 1-5x106cells/kg.&#xD;
&#xD;
      Current (20 March 2020) data on novel coronavirus disease (COVID-19) suggests that it causes&#xD;
      a mortality rate of ~3.4%, compared with &lt;0.1% with seasonal influenza. ARDS occurs in&#xD;
      approximatel 20% cases of COVID-19 and respiratory failure is the leading cause of mortality.&#xD;
      In a restropective multi-centre study of 150 confirmed cases in Wuhan, China, ARDS occured in&#xD;
      significantly greater proportion of non-survivors 81% (55/68 patients) compared with only 9%&#xD;
      survivors (7/82 patients); p&lt;0.01. In another study of 193 confirmed COVID-19 cases, ARDS was&#xD;
      observed at a significantly higher rate in non-survivors 93% (50/54 patients) compared with&#xD;
      survivors, 7% (9/137) patients; p&lt;0.0001.&#xD;
&#xD;
      During the current COVID-19 pandemic, MSCs have been administered in a pilot study of seven&#xD;
      patients with COVID-19 pneumonia. A single infusion of 1 x 10^6 MSCs were administered&#xD;
      intravenously when their condition was considered to be deteriorating despite other&#xD;
      treatments, however only 1 of the 7 patients required critical care and mechanical&#xD;
      ventilation. 4 patients were described as severe with compromise of respiratory function.&#xD;
      Patients underwent follow up for 14 days and no infusional toxicity or adverse events were&#xD;
      reported.&#xD;
&#xD;
      Trial design:&#xD;
&#xD;
      The phase 1 trial is an open label dose escalation pilot study in which cohorts of subjects&#xD;
      with moderate to severe ARDS will receive increasing doses of a single infusion of Realist&#xD;
      Orbcel-C in a 3+3 design. We initially plan 3 cohorts with 3 subjects/cohort. Planned doses&#xD;
      for the 3 cohorts pending absence of safety concerns are 100 x 10^6 cells, 200 x 10^6 cells&#xD;
      and 400 x 10^6 cells.&#xD;
&#xD;
      In the completed Phase 1 REALIST trial, infusion of 400 million cells was achieved without&#xD;
      any dose limiting toxicity at day 7 and has been approved by the DMEC as the intervention for&#xD;
      this study.&#xD;
&#xD;
      The phase 2 trial is a randomized, double-blind, allocation concealed placebo-controlled&#xD;
      study using the 400x10^6 cell dose of Realist Orbcel-C in patients with moderate to severe&#xD;
      ARDS due to COVID-19.&#xD;
&#xD;
      Primary objective:&#xD;
&#xD;
      To assess the safety of a single intravenous infusion of REALIST ORBCEL-C cells in patients&#xD;
      with ARDS due to COVID-19.&#xD;
&#xD;
      Secondary objectives:&#xD;
&#xD;
      In patients with moderate to severe ARDS to determine the effect of a single intravenous&#xD;
      infusion of REALIST ORBCEL-C cells on:&#xD;
&#xD;
        1. Physiological indices of respiratory dysfunction reflecting severity of ARDS, as&#xD;
           measured by oxygenation index (OI), respiratory compliance, and P/F ratio.&#xD;
&#xD;
        2. Sequential organ failure assessment (SOFA) score.&#xD;
&#xD;
        3. Extubation and reintubation&#xD;
&#xD;
        4. Ventilation free days at day 28&#xD;
&#xD;
        5. Duration of ventilation&#xD;
&#xD;
        6. Length of ICU and hospital stay&#xD;
&#xD;
        7. 28-day and 90-day mortality&#xD;
&#xD;
      Population:&#xD;
&#xD;
      Patients will be prospectively screened daily. All patients with moderate to severe ARDS will&#xD;
      be entered into a screening log. If possible during the phase 2 trial, all patients with&#xD;
      moderate to severe ARDS due to COVID-19 will be entered into a screening log. If the patient&#xD;
      is not recruited the reason will be recorded. A fully anonymised minimal dataset will be&#xD;
      recorded on these patients (age, gender, APACHE II score, worst P/F ratio at time of&#xD;
      assessment, reasons for non-enrolment and vital status). APACHE II score and vital status&#xD;
      will be collected using anonymised linkage to the ICNARC database through a defined CMP&#xD;
      number (or equivalent). This will allow comparison to identify that the study population is&#xD;
      representative of the overall cohort of patients. This information is required to establish&#xD;
      an unbiased study population and to ensure the study can be reported in keeping with CONSORT&#xD;
      guidelines (www.consort-statement.org).&#xD;
&#xD;
      Patient consent:&#xD;
&#xD;
      Informed consent procedure:&#xD;
&#xD;
      The study will be conducted in accordance with the ethical principles that have their origin&#xD;
      in the Declaration of Helsinki. The chief investigator (CI) (or designee) is responsible for&#xD;
      ensuring that informed consent for trial participation is given by each patient or a legal&#xD;
      representative. An appropriately trained doctor or nurse may take consent. The person taking&#xD;
      informed consent must be GCP trained, suitably qualified and experienced and have been&#xD;
      delegated this duty on the delegation log. Appropriate signatures and dates must be obtained&#xD;
      on the informed consent documentation prior to collection of trial data and administration of&#xD;
      the trial drug. If no consent is given a patient cannot be randomised into the trial. The&#xD;
      incapacitating nature of the condition precludes obtaining prospective informed consent from&#xD;
      participants. In this situation informed consent will be sought from a Personal Legal&#xD;
      Representative or Professional Legal representative.&#xD;
&#xD;
      Personal legal representative consent:&#xD;
&#xD;
      Informed consent will be sought from the patient's personal legal representative (Per LR) who&#xD;
      may be a relative, partner or close friend. The Per LR will be informed about the trial by&#xD;
      the responsible clinician or a member of the research team and provided with a copy of the&#xD;
      covering statement for the Per LR with an attached participant information sheet (PIS) and&#xD;
      asked to give an opinion as to whether the patient would object to taking part in such&#xD;
      medical research. If the Per LR decides that the patient would have no objection to&#xD;
      participating in the trial the Per LR will be asked to sign the Per LR consent form which&#xD;
      will then be countersigned by the person taking consent. The original will be retained in the&#xD;
      trial site file and a copy given to the Per LR and another copy placed in the patients'&#xD;
      medical records.&#xD;
&#xD;
      During the COVID-19 pandemic, there are likely to be visiting restrictions in place due to&#xD;
      infection control measures and therefore it may not be possible to obtain consent from the&#xD;
      PerLR at the clinical site. If the PerLR is not available at the site, the research may&#xD;
      contact the PerLR by telephone and seek verbal agreement. The verbal agreement will be&#xD;
      recorded in the PerLR Telephone Agreement Form.&#xD;
&#xD;
      Professional legal representative consent:&#xD;
&#xD;
      As the patient is unable to give informed consent and no Per LR is available, a doctor who is&#xD;
      not connected with the conduct of the trial may act as a professional legal representative&#xD;
      (Prof LR). The doctor will be informed about the trial by the responsible clinician or a&#xD;
      member of the research team and given a copy of the PIS. If the doctor decides that the&#xD;
      patient is suitable for entry into the trial that doctor will be asked to sign the&#xD;
      professional legal representative consent form. The original will be retained in the trial&#xD;
      site file and a copy given to the Prof LR and another copy placed in the patients' medical&#xD;
      records.&#xD;
&#xD;
      Retrospective patient consent:&#xD;
&#xD;
      Patients will be informed of their participation in the trial by the responsible clinician or&#xD;
      a member of the research team once the patient regain capacity to understand the details of&#xD;
      the trial. The responsible clinician or a member of the research team will discuss the study&#xD;
      with the patient and the patient will be given a copy of the PIS to keep. The patient will be&#xD;
      asked for consent to participate in the trial and to sign the consent to continue form which&#xD;
      will then be countersigned by the person taking consent. The original will be retained in the&#xD;
      trial site file and a copy given to the patient and another copy placed in the patients'&#xD;
      medical records. Where consent to continue is not obtained, consent from the legal&#xD;
      representative will remain valid. If the patient refuses consent, permission to use data&#xD;
      collected to that point and to access medical records for trial data will be requested from&#xD;
      the patient.&#xD;
&#xD;
      Withdrawal of consent:&#xD;
&#xD;
      Patients may withdraw or be withdrawn (by Per LR or Prof LR) from the trial at any time&#xD;
      without prejudice.&#xD;
&#xD;
      In the event of a request to withdraw from the study, the researcher will determine which&#xD;
      elements of the trial are to be withdrawn from the following possibilities and this will be&#xD;
      documented:&#xD;
&#xD;
        -  Orbcel-C administration if ongoing&#xD;
&#xD;
        -  On-going data collection during hospital admission&#xD;
&#xD;
        -  Confirmation of vital status&#xD;
&#xD;
        -  On-going data collection following hospital discharge In the event that the request is&#xD;
           to withdraw from all elements of the study, only anonymised data recorded up to the&#xD;
           point of withdrawal will be included in the study analysis.&#xD;
&#xD;
      Consent will also be requested to use the samples collected to that point.&#xD;
&#xD;
      Investigational medicinal product&#xD;
&#xD;
      The Investigational Medicinal Products are:&#xD;
&#xD;
        1. Allogeneic donor CD362 enriched human umbilical cord-derived mesenchymal stromal cells&#xD;
           (REALIST ORBCEL-C) supplied as a sterile, single-use cryopreserved cell suspension&#xD;
           containing a fixed cell dose of either 100 x 10^6, 200 x 10^6 or 400 x 10^6 cells in&#xD;
           10mL, 20mL or 40mL volumes, respectively to be further diluted in Plasma-Lyte 148 to a&#xD;
           total volume of 200mls for the purposes of administration.&#xD;
&#xD;
        2. Plasma-Lyte 148 Solution for Infusion (200mls) as the placebo control solution.&#xD;
&#xD;
      Storage, thawing and reconstitution of Orbcel-C cells:&#xD;
&#xD;
      Trial guidelines will provide detailed information regarding the protocol for storage,&#xD;
      thawing and reconstitution, and administration of the cell product Orbcel-C and placebo.&#xD;
&#xD;
      Drug storage:&#xD;
&#xD;
      The study drug will be commenced as soon as possible following reconstitution and within 6&#xD;
      hours.&#xD;
&#xD;
      Study drug termination criteria:&#xD;
&#xD;
      Study drug will be continued until one of the following is met:&#xD;
&#xD;
        1. Study drug related adverse event&#xD;
&#xD;
        2. Death or discontinuation of active treatment&#xD;
&#xD;
        3. Request from Per LR or Pro LR to withdraw the patient from the study&#xD;
&#xD;
        4. Decision by the attending clinician on safety grounds.&#xD;
&#xD;
      Study drug compliance:&#xD;
&#xD;
      Any omission of the study drug will be recorded in the CRF to monitor compliance.&#xD;
&#xD;
      Study drug accountability:&#xD;
&#xD;
      The site clinical trials pharmacist and cell therapy facility staff will maintain full&#xD;
      accountability for the study drug received, prepared and dispensed to patients in ICU.&#xD;
      Records will be kept allowing traceability between the cell donor and the IMP recipient. Drug&#xD;
      administration will be recorded on the patient's prescription chart.&#xD;
&#xD;
      Study drug return and destruction:&#xD;
&#xD;
      Any partially used study drug should be disposed of/destroyed at the site in accordance with&#xD;
      Trial guidelines and local biological waste management policies.&#xD;
&#xD;
      Unused product should disposed of/destroyed under the supervision of the site clinical trials&#xD;
      pharmacist. Records of return and destruction will be maintained.&#xD;
&#xD;
      Data Quality:&#xD;
&#xD;
      The NICTU will provide training to site staff on trial processes and procedures including CRF&#xD;
      completion and data collection. Within the NICTU the clinical data management process is&#xD;
      governed by SOPs to ensure standardisation and adherence to International Conference on&#xD;
      Harmonisation Good Clinical Practice (ICH GCP) guidelines and regulatory requirements. Data&#xD;
      is to be entered onto the electronic database as per the CRF entry timelines. On-site&#xD;
      monitoring visits during the trial will check: (i) the accuracy of the data entered into the&#xD;
      CRF, (ii) entries against source documents alongside adherence to the protocol, (iii) trial&#xD;
      specific procedures and (iv) Good Clinical Practice (GCP). This monitoring will be carried&#xD;
      out as per the trial specific Monitoring Plan. Changes to data will be recorded and fully&#xD;
      auditable. Data errors will be documented and corrective actions implemented. Data validation&#xD;
      will be implemented and discrepancy reports will be generated following data entry to&#xD;
      identify data that may be out of range or inconsistent, or protocol deviations, based on data&#xD;
      validation checks programmed into the clinical trial database. For routinely collected&#xD;
      clinical data the NHS record will be the source document and for study specific measurements&#xD;
      the CRF will be the source document.&#xD;
&#xD;
      Data management:&#xD;
&#xD;
      The PI (or designee) will collect all data and record this in the CRF. Each participant will&#xD;
      be allocated a unique participant study number at trial entry, and this, and initials, will&#xD;
      be used to identify him or her on the CRF for the duration of the trial. Data will be&#xD;
      collected from the time of trial entry until hospital discharge. Trial data will be entered&#xD;
      onto a CRF and processed electronically as per NICTU SOPs and the study specific Data&#xD;
      Management Plan (DMP). Submitted data will be reviewed for completeness and entered onto a&#xD;
      secure, backed-up custom database. Due care will be taken to ensure data safety and&#xD;
      integrity, and compliance with GDPR and the Data Protection Act 2018. Data queries will be&#xD;
      raised electronically. The designated site staff will be required to respond to these queries&#xD;
      within 2 weeks and send them back to the CTU after the queries have been reviewed and signed&#xD;
      by the CI/delegated staff member. Any amended information will then be entered in the study&#xD;
      database. A copy of the signed data query form should be retained with the CRF at the&#xD;
      investigator site.&#xD;
&#xD;
      If the participant is transferred to another hospital the PI or designated member of the site&#xD;
      study team will liaise with the receiving hospital to ensure complete data capture as per CRF&#xD;
      instruction. If this is not possible, the primary outcome must be collected as a minimum.&#xD;
      CRFs are to be submitted to the CTU as per the CRF submission schedule. Data censorship for&#xD;
      each trial will occur 90 days post randomisation.&#xD;
&#xD;
      Analysis Population The primary analysis will be conducted on all outcome data obtained from&#xD;
      all participants regardless of protocol adherence, i.e. intention to treat analysis.&#xD;
&#xD;
      It is possible that some enrolled subjects may not be treated with study drug. Therefore a&#xD;
      secondary analysis of the all-treated population analysis will be undertaken.&#xD;
&#xD;
      For the Phase 1 trial no formal statistical analysis will be performed on safety data. The&#xD;
      primary analysis will be descriptive and will focus on adverse events. The number of pre&#xD;
      specified cell infusion associated events will also be reported. Descriptive analysis of&#xD;
      pulmonary and non-pulmonary organ function will also be undertaken. We plan to publish the&#xD;
      data from the phase 1 study.&#xD;
&#xD;
      In the completed Phase 1 REALIST trial, infusion of 400 million cells was achieved without&#xD;
      any dose limiting toxicity at day 7 and has been approved by the DMEC as the intervention&#xD;
      dose for this study.&#xD;
&#xD;
      For the Phase 2 trial, adverse events will be reported as for the Phase 1 study. For&#xD;
      continuously distributed outcomes, differences between groups will be tested using&#xD;
      independent samples t-tests and analysis of covariance with transformations of variables to&#xD;
      normality if appropriate, or non-parametric equivalents. Chi-square tests (or Fisher's Exact&#xD;
      tests) will be used for categorical variables. A p value of 0.05 will be considered as&#xD;
      significant.&#xD;
&#xD;
      Correlations between changes in the biological markers measured and physiological and&#xD;
      clinical outcomes will be assessed by appropriate graphical and statistical methods including&#xD;
      Pearson's (or Spearman's) correlation coefficient.&#xD;
&#xD;
      A final analysis and report of the Phase 1 study is planned following the last patient's 90&#xD;
      day follow up. A final analysis and report of the phase 2 study is planned following the last&#xD;
      patient's 90 day follow up. The 2 year follow up data will be published thereafter and will&#xD;
      be an important long term outcome. A detailed statistical analysis plan will be written and&#xD;
      approved by the independent DMEC prior to any analysis.&#xD;
&#xD;
      All the power calculations and methodology for data analysis have been confirmed by the trial&#xD;
      statistician from the Northern Ireland Clinical Trials Unit (NICTU).&#xD;
&#xD;
      Missing data:&#xD;
&#xD;
      Every effort will be made to minimise missing baseline and outcome data in this trial. The&#xD;
      level and pattern of the missing data in the baseline variables and outcomes will be&#xD;
      established by forming appropriate tables and the likely causes of any missing data will be&#xD;
      investigated. This information will be used to determine whether the level and type of&#xD;
      missing data has the potential to introduce bias into the analysis results for the proposed&#xD;
      statistical methods, or substantially reduce the precision of estimates related to treatment&#xD;
      effects. If necessary, these issues will be dealt with using multiple imputation or Bayesian&#xD;
      methods for missing data as appropriate.&#xD;
&#xD;
      Sample size:&#xD;
&#xD;
      The phase 1 trial will recruit up to 18 participants. Indicative sample size of 60&#xD;
      participants for the phase 2 clinical trial (30 in intervention arm), but will continue to&#xD;
      recruit beyond this if there is no clear problem with safety, no clear results on clinical&#xD;
      outcomes and the necessary resources are available.&#xD;
&#xD;
      Although the primary focus of the phase 2 trial is safety, there is, however, power to detect&#xD;
      a difference in physiological outcomes.&#xD;
&#xD;
      The primary efficacy outcome measure will be the difference in oxygenation index (OI) between&#xD;
      the ORBCEL-C and placebo treated groups at day 7. Based on our data from a recently completed&#xD;
      clinical trial in ARDS, the mean (standard deviation; SD) OI at day 7 in patients with ARDS&#xD;
      is 62(51)cmH2O/kPa [4]. To allow 1:1 recruitment (ORBCEL-C vs placebo) a sample size of 56&#xD;
      subjects will have 80% power at a two-tailed significance level of 0.05 using a two-sample&#xD;
      t-test to detect a clinically significant difference of 39 cmH2O/kPa in OI between groups. In&#xD;
      a previous phase 2 study of similar size, we have found that an intervention can demonstrate&#xD;
      a change in OI of a similar magnitude confirming a treatment effect of this size can be&#xD;
      achieved [4].&#xD;
&#xD;
      Although we anticipate few withdrawals or loss to follow-up we have allowed for this in the&#xD;
      sample size calculation. In previous UK multicentre studies in the critically ill &lt;3%&#xD;
      withdrew consent or were lost to follow-up [4, 65]. Therefore, a conservative drop-out rate&#xD;
      of 5% has been estimated and the study will require a total of 60 patients (30 patients in&#xD;
      the ORBCEL-C and 30 in the placebo group).&#xD;
    </textblock>
  </detailed_description>
  <overall_status>Recruiting</overall_status>
  <start_date type="Actual">January 7, 2019</start_date>
  <completion_date type="Anticipated">October 2022</completion_date>
  <primary_completion_date type="Anticipated">September 2020</primary_completion_date>
  <phase>Phase 1/Phase 2</phase>
  <study_type>Interventional</study_type>
  <has_expanded_access>No</has_expanded_access>
  <study_design_info>
    <allocation>Randomized</allocation>
    <intervention_model>Parallel Assignment</intervention_model>
    <intervention_model_description>The phase 1 trial is an open label dose escalation pilot study in which cohorts of subjects with moderate to severe ARDS will receive increasing doses of a single infusion of Realist Orbcel-C in a 3+3 design. Initially 3 cohorts with 3 subjects/cohort.&#xD;
In the completed Phase 1 REALIST trial, infusion of 400 million cells was achieved without any dose limiting toxicity at day 7 and has been approved by the DMEC as the intervention dose for this study.&#xD;
The phase 2 trial is a randomized, double-blind, allocation concealed placebo-controlled study using the maximal tolerable dose as determined by the DMEC in patients with moderate to severe ARDS due to COVID-19.</intervention_model_description>
    <primary_purpose>Treatment</primary_purpose>
    <masking>Quadruple (Participant, Care Provider, Investigator, Outcomes Assessor)</masking>
    <masking_description>The cell therapy facility and clinical trials pharmacist will be unblinded. The unblinded individuals will keep the treatment information confidential and will not discuss or release information on treatment allocation to the patient, the investigator, or other unauthorized personnel.&#xD;
As in prior studies of MSCs, the infusion bag containing either the cell product or placebo will be masked at the time of preparation in the clinical site's cell therapy facility so that the contents of the infusion bag are not visible to the investigators or to the clinicians who are administering the study drug. The contents of the infusion bag will be administered through a masked infusion set.</masking_description>
  </study_design_info>
  <primary_outcome>
    <measure>Oxygenation index (OI)</measure>
    <time_frame>Day 7</time_frame>
    <description>OI is a physiological index of the severity of ARDS and measures both impaired oxygenation and the amount of mechanical ventilation delivered</description>
  </primary_outcome>
  <primary_outcome>
    <measure>Incidence of Serious Adverse Events (SAEs)</measure>
    <time_frame>28 days</time_frame>
    <description>Incidence of SAEs</description>
  </primary_outcome>
  <secondary_outcome>
    <measure>Oxygenation index</measure>
    <time_frame>Days 4 and 14</time_frame>
  </secondary_outcome>
  <secondary_outcome>
    <measure>Sequential Organ Failure Assessment (SOFA) score</measure>
    <time_frame>Days 4, 7 and 14</time_frame>
    <description>SOFA score is a measure of organ failure</description>
  </secondary_outcome>
  <secondary_outcome>
    <measure>Respiratory compliance (Crs)</measure>
    <time_frame>Days 4, 7 and 14</time_frame>
    <description>Crs is a physiological measure of pulmonary function in ARDS</description>
  </secondary_outcome>
  <secondary_outcome>
    <measure>Partial pressure of arterial oxygen to the fraction of inspired oxygen ratio (P/F ratio)</measure>
    <time_frame>Days 4, 7 and 14</time_frame>
    <description>P/F ratio is a physiological measure of pulmonary function in ARDS</description>
  </secondary_outcome>
  <secondary_outcome>
    <measure>Driving Pressure</measure>
    <time_frame>Days 4, 7 and 14</time_frame>
  </secondary_outcome>
  <secondary_outcome>
    <measure>Extubation and reintubation</measure>
    <time_frame>Up to day 14 or until the patient is discharged from ICU or the patient dies</time_frame>
  </secondary_outcome>
  <secondary_outcome>
    <measure>Ventilation free days at day 28</measure>
    <time_frame>Day 28</time_frame>
  </secondary_outcome>
  <secondary_outcome>
    <measure>Length of ICU and hospital stay</measure>
    <time_frame>Until the patient is discharged or the patient dies</time_frame>
  </secondary_outcome>
  <secondary_outcome>
    <measure>28-day and 90-day mortality</measure>
    <time_frame>Up to 28 and 90 days</time_frame>
  </secondary_outcome>
  <number_of_arms>2</number_of_arms>
  <enrollment type="Anticipated">75</enrollment>
  <condition>Acute Respiratory Distress Syndrome</condition>
  <arm_group>
    <arm_group_label>Human umbilical cord derived CD362 enriched MSCs</arm_group_label>
    <arm_group_type>Experimental</arm_group_type>
    <description>Maximum tolerated dose from the phase 1 trial will be infused over 30 to 90 mins</description>
  </arm_group>
  <arm_group>
    <arm_group_label>Placebo (Plasma-Lyte 148) infusion</arm_group_label>
    <arm_group_type>Placebo Comparator</arm_group_type>
    <description>Plasma-Lyte 148 infused over 30 to 90 mins</description>
  </arm_group>
  <intervention>
    <intervention_type>Biological</intervention_type>
    <intervention_name>Human umbilical cord derived CD362 enriched MSCs</intervention_name>
    <description>Infusion of Human umbilical cord derived CD362 enriched MSCs</description>
    <arm_group_label>Human umbilical cord derived CD362 enriched MSCs</arm_group_label>
  </intervention>
  <intervention>
    <intervention_type>Biological</intervention_type>
    <intervention_name>Placebo (Plasma-Lyte 148)</intervention_name>
    <description>Infusion of placebo</description>
    <arm_group_label>Placebo (Plasma-Lyte 148) infusion</arm_group_label>
  </intervention>
  <eligibility>
    <criteria>
      <textblock>
        Inclusion Criteria:&#xD;
&#xD;
          1. ARDS as defined by the Berlin definition.&#xD;
&#xD;
               1. Onset within 1 week of identified insult.&#xD;
&#xD;
               2. Within the same 24-hour time period i. Hypoxic respiratory failure (PaO2/ FiO2&#xD;
                  ratio ≤ 27kPa on PEEP ≥ 5 cmH20) ii. Bilateral infiltrates on chest X-ray&#xD;
                  consistent with pulmonary oedema not explained by another pulmonary pathology&#xD;
                  iii. Respiratory failure not fully explained by cardiac failure or fluid overload&#xD;
&#xD;
          2. Patient is receiving invasive mechanical ventilation&#xD;
&#xD;
          3. COVID-19 based on clinical diagnosis or PCR result&#xD;
&#xD;
        Exclusion Criteria:&#xD;
&#xD;
          1. More than 72 hours from the onset of ARDS.&#xD;
&#xD;
          2. Age &lt; 16 years.&#xD;
&#xD;
          3. Patient is known to be pregnant&#xD;
&#xD;
          4. Major trauma in the prior 5 days.&#xD;
&#xD;
          5. Presence of any active malignancy (other than non-melanoma skin cancer) that required&#xD;
             treatment within the last year.&#xD;
&#xD;
          6. WHO Class III or IV pulmonary hypertension.&#xD;
&#xD;
          7. Venous thromboembolism currently receiving anti-coagulation or within the past 3&#xD;
             months&#xD;
&#xD;
          8. Currently receiving extracorporeal life support (ECLS).&#xD;
&#xD;
          9. Severe chronic liver disease with Child-Pugh score &gt; 12.&#xD;
&#xD;
         10. DNAR (Do Not Attempt Resuscitation) order in place.&#xD;
&#xD;
         11. Treatment withdrawal imminent within 24 hours.&#xD;
&#xD;
         12. Consent declined.&#xD;
&#xD;
         13. Prisoners.&#xD;
&#xD;
         14. Non-English speaking patients or those who do not adequately understand verbal or&#xD;
             written information unless an interpreter is available.&#xD;
&#xD;
         15. Previously enrolled in the REALIST trial.&#xD;
      </textblock>
    </criteria>
    <gender>All</gender>
    <minimum_age>16 Years</minimum_age>
    <maximum_age>N/A</maximum_age>
    <healthy_volunteers>No</healthy_volunteers>
  </eligibility>
  <overall_official>
    <last_name>Danny F McAuley, Professor</last_name>
    <role>Principal Investigator</role>
    <affiliation>Belfast Health and Social Care Trust</affiliation>
  </overall_official>
  <overall_contact>
    <last_name>Danny F McAuley, MD</last_name>
    <phone>02890976385</phone>
    <email>d.f.mcauley@qub.ac.uk</email>
  </overall_contact>
  <overall_contact_backup>
    <last_name>Cecilia O'Kane, Ph.D</last_name>
    <phone>02890976385</phone>
    <email>c.okane@qub.ac.uk</email>
  </overall_contact_backup>
  <location>
    <facility>
      <name>Belfast Health and Social Care Trust, Royal Hospitals</name>
      <address>
        <city>Belfast</city>
        <state>Northern Ireland</state>
        <zip>BT12 6BA</zip>
        <country>United Kingdom</country>
      </address>
    </facility>
    <status>Recruiting</status>
    <contact>
      <last_name>Danny F McAuley, MD</last_name>
      <email>d.f.mcauley@qub.ac.uk</email>
    </contact>
    <contact_backup>
      <last_name>Cecilia O'Kane, Ph.D</last_name>
      <email>c.okane@qub.ac.uk</email>
    </contact_backup>
  </location>
  <location_countries>
    <country>United Kingdom</country>
  </location_countries>
  <verification_date>April 2020</verification_date>
  <study_first_submitted>February 1, 2017</study_first_submitted>
  <study_first_submitted_qc>February 2, 2017</study_first_submitted_qc>
  <study_first_posted type="Estimate">February 3, 2017</study_first_posted>
  <last_update_submitted>April 14, 2020</last_update_submitted>
  <last_update_submitted_qc>April 14, 2020</last_update_submitted_qc>
  <last_update_posted type="Actual">April 15, 2020</last_update_posted>
  <responsible_party>
    <responsible_party_type>Principal Investigator</responsible_party_type>
    <investigator_affiliation>Belfast Health and Social Care Trust</investigator_affiliation>
    <investigator_full_name>Professor Danny McAuley</investigator_full_name>
    <investigator_title>Professor and Consultant of Intensive Care Medicine</investigator_title>
  </responsible_party>
  <keyword>Acute respiratory distress syndrome</keyword>
  <keyword>Human umbilical cord-derived mesenchymal stem cells</keyword>
  <keyword>COVID-19</keyword>
  <condition_browse>
    <!-- CAUTION:  The following MeSH terms are assigned with an imperfect algorithm            -->
    <mesh_term>Respiratory Distress Syndrome, Newborn</mesh_term>
    <mesh_term>Respiratory Distress Syndrome, Adult</mesh_term>
    <mesh_term>Acute Lung Injury</mesh_term>
    <mesh_term>Syndrome</mesh_term>
  </condition_browse>
  <intervention_browse>
    <!-- CAUTION:  The following MeSH terms are assigned with an imperfect algorithm            -->
    <mesh_term>Plasma-lyte 148</mesh_term>
  </intervention_browse>
  <patient_data>
    <sharing_ipd>Yes</sharing_ipd>
  </patient_data>
  <!-- Results have not yet been posted for this study                                          -->
</clinical_study>

