<?xml version="1.0" encoding="UTF-8"?>
<clinical_study rank="4235">
  <!-- This xml conforms to an XML Schema at:
    https://clinicaltrials.gov/ct2/html/images/info/public.xsd -->
  <required_header>
    <download_date>ClinicalTrials.gov processed this data on April 23, 2021</download_date>
    <link_text>Link to the current ClinicalTrials.gov record.</link_text>
    <url>https://clinicaltrials.gov/show/NCT04338802</url>
  </required_header>
  <id_info>
    <org_study_id>huilanz Zhang</org_study_id>
    <nct_id>NCT04338802</nct_id>
  </id_info>
  <brief_title>Efficacy and Safety of Nintedanib in the Treatment of Pulmonary Fibrosis in Patients With Moderate to Severe COVID -19</brief_title>
  <official_title>Efficacy and Safety of Nintedanib Ethanesulfonate Soft Capsule in the Treatment of Pulmonary Fibrosis in Patients With Moderate to Severe COVID-9(COVID 19) : a Single-center, Randomized, Placebo-controlled Study</official_title>
  <sponsors>
    <lead_sponsor>
      <agency>Huilan Zhang</agency>
      <agency_class>Other</agency_class>
    </lead_sponsor>
  </sponsors>
  <source>Tongji Hospital</source>
  <oversight_info>
    <is_fda_regulated_drug>No</is_fda_regulated_drug>
    <is_fda_regulated_device>No</is_fda_regulated_device>
  </oversight_info>
  <brief_summary>
    <textblock>
      This center intends to conduct a single-center, randomized, placebo-controlled study to&#xD;
      evaluate the effectiveness and safety of Nintedanib ethanesulfonate soft capsule in the&#xD;
      treatment of pulmonary fibrosis in patients with moderate to severe COVID-19.&#xD;
    </textblock>
  </brief_summary>
  <detailed_description>
    <textblock>
      This center intends to conduct a single-center, randomized, placebo-controlled study to&#xD;
      evaluate the effectiveness and safety of Nintedanib ethanesulfonate soft capsule in the&#xD;
      treatment of pulmonary fibrosis in patients with moderate to severe COVID-19. The number of&#xD;
      cases is estimated based on the following:&#xD;
&#xD;
      This exploratory trial is expected to complete 80 case studies (randomly divided into control&#xD;
      group and test group each with 40 cases), and the expected drop-out rate is not more than&#xD;
      20%, so the total number of cases is 96. Placebo control group:&#xD;
&#xD;
      Empty capsules with the same appearance and ingredients as Nintedanib soft capsules: one&#xD;
      capsule at a time, twice a day, with an interval of about 12 hours each time. Continuous&#xD;
      medication for 8 weeks.&#xD;
&#xD;
      Nintedanib Nintedanib cloth sulfonate soft capsule treatment: According to the drug manual&#xD;
      recommendation, give Nintedanib cloth sulfonate soft capsule 150mg twice daily with an&#xD;
      interval of about 12 hours each time, with food. Continuous medication for 8 weeks.&#xD;
    </textblock>
  </detailed_description>
  <overall_status>Not yet recruiting</overall_status>
  <start_date type="Anticipated">April 2, 2020</start_date>
  <completion_date type="Anticipated">August 1, 2020</completion_date>
  <primary_completion_date type="Anticipated">May 4, 2020</primary_completion_date>
  <phase>Phase 2</phase>
  <study_type>Interventional</study_type>
  <has_expanded_access>No</has_expanded_access>
  <study_design_info>
    <allocation>Randomized</allocation>
    <intervention_model>Parallel Assignment</intervention_model>
    <primary_purpose>Treatment</primary_purpose>
    <masking>None (Open Label)</masking>
  </study_design_info>
  <primary_outcome>
    <measure>Changes in forced vital capacity (FVC)</measure>
    <time_frame>8 weeks</time_frame>
    <description>Changes in forced vital capacity (FVC) after treatment compared to baseline.</description>
  </primary_outcome>
  <secondary_outcome>
    <measure>Changes in carbon monoxide dispersion (DLco%)</measure>
    <time_frame>8 weeks</time_frame>
    <description>Changes incarbon monoxide dispersion (DLco%) after treatment compared to baseline.</description>
  </secondary_outcome>
  <secondary_outcome>
    <measure>Changes in the six-minute walk test (6MWT)</measure>
    <time_frame>8 weeks</time_frame>
    <description>Changes in the six-minute walk test (6MWT) after treatment compared to baseline.</description>
  </secondary_outcome>
  <secondary_outcome>
    <measure>Changes in High resolution CT score</measure>
    <time_frame>8 weeks</time_frame>
    <description>Changes in High resolution CT score after treatment compared to baseline.The minimum and maximum values are 0 and 25 , and higher scores mean a worse outcome. As for the score, it is the expected value and will be determined according to the actual result</description>
  </secondary_outcome>
  <number_of_arms>2</number_of_arms>
  <enrollment type="Anticipated">96</enrollment>
  <condition>COVID-19</condition>
  <condition>Nintedanib</condition>
  <condition>Safety</condition>
  <condition>Effect of Drugs</condition>
  <arm_group>
    <arm_group_label>Placebo group</arm_group_label>
    <arm_group_type>Placebo Comparator</arm_group_type>
    <description>Empty capsules with the same appearance and ingredients as Nintedanib soft capsules: one capsule at a time, twice a day, with an interval of about 12 hours each time. Continuous medication for 8 weeks.</description>
  </arm_group>
  <arm_group>
    <arm_group_label>Nintedanib group</arm_group_label>
    <arm_group_type>Experimental</arm_group_type>
    <description>Nintedanib cloth sulfonate soft capsule treatment: According to the drug manual recommendation, give Nintedanib cloth sulfonate soft capsule 150mg twice daily with an interval of about 12 hours each time. Continuous medication for 8 weeks.</description>
  </arm_group>
  <intervention>
    <intervention_type>Drug</intervention_type>
    <intervention_name>Nintedanib 150 MG</intervention_name>
    <description>Nintedanib cloth sulfonate 150 mg, twice a day, about 12 hours apart. Continuous medication for 8 weeks.</description>
    <arm_group_label>Nintedanib group</arm_group_label>
  </intervention>
  <intervention>
    <intervention_type>Other</intervention_type>
    <intervention_name>Placebo</intervention_name>
    <description>Empty capsules with the same appearance and ingredients as Nidanib soft capsules: one capsule at a time, twice a day, with an interval of about 12 hours each time. Continuous medication for 8 weeks.</description>
    <arm_group_label>Placebo group</arm_group_label>
  </intervention>
  <eligibility>
    <criteria>
      <textblock>
        Inclusion Criteria:&#xD;
&#xD;
          1. 18-70 years old (including 18 and 70 years old), regardless of gender;&#xD;
&#xD;
          2. Infection with new coronavirus pneumonia was confirmed by throat swab nucleic acid&#xD;
             test. Patients with severe and critical illness were clinically judged. The symptoms&#xD;
             of acute infection have been alleviated after treatment (at least 14 days after onset,&#xD;
             no fever for more than 3 days), and the disease is recovering Within three months;&#xD;
&#xD;
          3. CT examination of patients with multiple fibrotic shadows in both lungs;&#xD;
&#xD;
          4. Blood routine, liver, and kidney functions are within the controllable range: such as&#xD;
             the normal upper limit of plasma total bilirubin and creatinine ≤ 1.5 times; AST, ALT,&#xD;
             LDH ≤ 2 times the normal upper limit; sufficient hematopoietic function: such as white&#xD;
             blood cells ≥4.0 × 109 / L, platelets ≥100 × 109 / L;&#xD;
&#xD;
          5. Signed informed consent.&#xD;
&#xD;
        Exclusion Criteria:&#xD;
&#xD;
          1. Previous history of chronic bronchitis, emphysema, interstitial lung disease or&#xD;
             pulmonary heart disease;&#xD;
&#xD;
          2. Combining with other serious diseases: such as those who have suffered myocardial&#xD;
             infarction and uncontrollable diabetes within 6 months, and are considered unsuitable&#xD;
             to participate in the trial;&#xD;
&#xD;
          3. People with active peptic ulcer;&#xD;
&#xD;
          4. Patients during pregnancy and lactation&#xD;
&#xD;
          5. Patients with mental illness or others who cannot cooperate effectively;&#xD;
&#xD;
          6. Researcher judges uncomfortable to participate in trial&#xD;
      </textblock>
    </criteria>
    <gender>All</gender>
    <minimum_age>18 Years</minimum_age>
    <maximum_age>70 Years</maximum_age>
    <healthy_volunteers>No</healthy_volunteers>
  </eligibility>
  <overall_contact>
    <last_name>Huilan Zhang, PD</last_name>
    <phone>15391532171</phone>
    <email>Huilanz_76@163.com</email>
  </overall_contact>
  <overall_contact_backup>
    <last_name>Xianglin Yuan, PD</last_name>
    <phone>13667241722</phone>
    <email>yuanxianglin@hust.edu.cn</email>
  </overall_contact_backup>
  <reference>
    <citation>Flaherty KR, Wells AU, Cottin V, Devaraj A, Walsh SLF, Inoue Y, Richeldi L, Kolb M, Tetzlaff K, Stowasser S, Coeck C, Clerisme-Beaty E, Rosenstock B, Quaresma M, Haeufel T, Goeldner RG, Schlenker-Herceg R, Brown KK; INBUILD Trial Investigators. Nintedanib in Progressive Fibrosing Interstitial Lung Diseases. N Engl J Med. 2019 Oct 31;381(18):1718-1727. doi: 10.1056/NEJMoa1908681. Epub 2019 Sep 29.</citation>
    <PMID>31566307</PMID>
  </reference>
  <reference>
    <citation>Richeldi L, du Bois RM, Raghu G, Azuma A, Brown KK, Costabel U, Cottin V, Flaherty KR, Hansell DM, Inoue Y, Kim DS, Kolb M, Nicholson AG, Noble PW, Selman M, Taniguchi H, Brun M, Le Maulf F, Girard M, Stowasser S, Schlenker-Herceg R, Disse B, Collard HR; INPULSIS Trial Investigators. Efficacy and safety of nintedanib in idiopathic pulmonary fibrosis. N Engl J Med. 2014 May 29;370(22):2071-82. doi: 10.1056/NEJMoa1402584. Epub 2014 May 18. Erratum in: N Engl J Med. 2015 Aug 20;373(8):782.</citation>
    <PMID>24836310</PMID>
  </reference>
  <reference>
    <citation>Chen N, Zhou M, Dong X, Qu J, Gong F, Han Y, Qiu Y, Wang J, Liu Y, Wei Y, Xia J, Yu T, Zhang X, Zhang L. Epidemiological and clinical characteristics of 99 cases of 2019 novel coronavirus pneumonia in Wuhan, China: a descriptive study. Lancet. 2020 Feb 15;395(10223):507-513. doi: 10.1016/S0140-6736(20)30211-7. Epub 2020 Jan 30.</citation>
    <PMID>32007143</PMID>
  </reference>
  <reference>
    <citation>Xie L, Liu Y, Fan B, Xiao Y, Tian Q, Chen L, Zhao H, Chen W. Dynamic changes of serum SARS-coronavirus IgG, pulmonary function and radiography in patients recovering from SARS after hospital discharge. Respir Res. 2005 Jan 8;6:5.</citation>
    <PMID>15638943</PMID>
  </reference>
  <verification_date>April 2020</verification_date>
  <study_first_submitted>April 1, 2020</study_first_submitted>
  <study_first_submitted_qc>April 7, 2020</study_first_submitted_qc>
  <study_first_posted type="Actual">April 8, 2020</study_first_posted>
  <last_update_submitted>April 7, 2020</last_update_submitted>
  <last_update_submitted_qc>April 7, 2020</last_update_submitted_qc>
  <last_update_posted type="Actual">April 8, 2020</last_update_posted>
  <responsible_party>
    <responsible_party_type>Sponsor-Investigator</responsible_party_type>
    <investigator_affiliation>Tongji Hospital</investigator_affiliation>
    <investigator_full_name>Huilan Zhang</investigator_full_name>
    <investigator_title>Director of Respiratory and Critical Care Medicine , Tongji Hospital of Tongji Medical College, Huazhong University of Science and Technology</investigator_title>
  </responsible_party>
  <condition_browse>
    <!-- CAUTION:  The following MeSH terms are assigned with an imperfect algorithm            -->
    <mesh_term>Pulmonary Fibrosis</mesh_term>
  </condition_browse>
  <intervention_browse>
    <!-- CAUTION:  The following MeSH terms are assigned with an imperfect algorithm            -->
    <mesh_term>Nintedanib</mesh_term>
  </intervention_browse>
  <patient_data>
    <sharing_ipd>No</sharing_ipd>
  </patient_data>
  <!-- Results have not yet been posted for this study                                          -->
</clinical_study>

