<?xml version="1.0" encoding="UTF-8"?>
<clinical_study rank="4543">
  <!-- This xml conforms to an XML Schema at:
    https://clinicaltrials.gov/ct2/html/images/info/public.xsd -->
  <required_header>
    <download_date>ClinicalTrials.gov processed this data on April 23, 2021</download_date>
    <link_text>Link to the current ClinicalTrials.gov record.</link_text>
    <url>https://clinicaltrials.gov/show/NCT04337489</url>
  </required_header>
  <id_info>
    <org_study_id>REMOTE-COVID</org_study_id>
    <nct_id>NCT04337489</nct_id>
  </id_info>
  <brief_title>Remote Monitoring Use In Cases Of Suspected COVID-19 (Coronavirus)</brief_title>
  <acronym>REMOTE-COVID</acronym>
  <official_title>REmote MOniToring usE in Suspected Cases of COVID-19 (Coronavirus): REMOTE-COVID Trial</official_title>
  <sponsors>
    <lead_sponsor>
      <agency>Imperial College London</agency>
      <agency_class>Other</agency_class>
    </lead_sponsor>
    <collaborator>
      <agency>CW+ Charity</agency>
      <agency_class>Other</agency_class>
    </collaborator>
  </sponsors>
  <source>Imperial College London</source>
  <oversight_info>
    <is_fda_regulated_drug>No</is_fda_regulated_drug>
    <is_fda_regulated_device>Yes</is_fda_regulated_device>
  </oversight_info>
  <brief_summary>
    <textblock>
      We are aiming to see if participant deterioration due to suspected coronavirus in a&#xD;
      designated location (e.g. hotel) can be identified sooner by wearing the sensor. If we can&#xD;
      identify sick participants early, participants are more likely to have better outcomes; we&#xD;
      believe that the sensor can help us do this. The sensor measures heart rate, respiratory rate&#xD;
      and temperature every 2 minutes and this can be reviewed by the clinical team looking after&#xD;
      the participants.&#xD;
    </textblock>
  </brief_summary>
  <overall_status>Not yet recruiting</overall_status>
  <start_date type="Anticipated">July 28, 2020</start_date>
  <completion_date type="Anticipated">April 1, 2021</completion_date>
  <primary_completion_date type="Anticipated">April 1, 2021</primary_completion_date>
  <study_type>Observational</study_type>
  <has_expanded_access>No</has_expanded_access>
  <study_design_info>
    <observational_model>Cohort</observational_model>
    <time_perspective>Prospective</time_perspective>
  </study_design_info>
  <primary_outcome>
    <measure>Deterioration resulting in healthcare review</measure>
    <time_frame>1 year</time_frame>
    <description>Detection of clinical deterioration using wearable sensors resulting in healthcare review (e.g. GP telephone consultation)</description>
  </primary_outcome>
  <secondary_outcome>
    <measure>Hospitalisation</measure>
    <time_frame>1 year</time_frame>
    <description>Deterioration resulting in hospitalisation</description>
  </secondary_outcome>
  <secondary_outcome>
    <measure>Participant anxiety</measure>
    <time_frame>1 year</time_frame>
    <description>General Anxiety Disorder (GAD-7) questionnaire (responses noted on Likert scales); min score 0 and max score 21. Higher score associated with greater anxiety</description>
  </secondary_outcome>
  <secondary_outcome>
    <measure>Participant depression</measure>
    <time_frame>1 year</time_frame>
    <description>Patient Health Questionnaire (PHQ-9) questionnaire (responses noted on Likert scales); min score 0 and max score 27. Higher score associated with greater depression.</description>
  </secondary_outcome>
  <enrollment type="Anticipated">200</enrollment>
  <condition>Coronavirus</condition>
  <intervention>
    <intervention_type>Device</intervention_type>
    <intervention_name>SensiumVitals wearable sensor</intervention_name>
    <description>A waterproof, light, wearable sensor measuring vital signs (heart rate, respiratory rate, temperature) continuously.</description>
  </intervention>
  <eligibility>
    <study_pop>
      <textblock>
        -  Returning traveller from a high-risk area into a London airport.&#xD;
&#xD;
          -  Have mild symptoms indicative of Covid-19&#xD;
&#xD;
          -  Unable to self-isolate&#xD;
      </textblock>
    </study_pop>
    <sampling_method>Non-Probability Sample</sampling_method>
    <criteria>
      <textblock>
        Inclusion Criteria:&#xD;
&#xD;
          -  Aged 18 years or over.&#xD;
&#xD;
          -  Able to provide written consent.&#xD;
&#xD;
        Exclusion Criteria:&#xD;
&#xD;
          -  Any participants that withdraw their consent.&#xD;
&#xD;
          -  A skin condition/reaction preventing wearing the wearable sensor.&#xD;
&#xD;
          -  The presence of a permanent pacemaker or cardiac defibrillator.&#xD;
&#xD;
          -  Any form of psychiatric disorder or a condition that, in the opinion of the&#xD;
             investigator, may hinder communication with the research team.&#xD;
&#xD;
          -  Inability to cooperate or communicate with the research team.&#xD;
      </textblock>
    </criteria>
    <gender>All</gender>
    <minimum_age>18 Years</minimum_age>
    <maximum_age>95 Years</maximum_age>
    <healthy_volunteers>No</healthy_volunteers>
  </eligibility>
  <overall_official>
    <last_name>Ara Darzi, Prof</last_name>
    <role>Principal Investigator</role>
    <affiliation>Institute of Global Health Innovation</affiliation>
  </overall_official>
  <overall_contact>
    <last_name>Fahad M Iqbal, MBChB (hons)</last_name>
    <phone>07588550244</phone>
    <email>f.iqbal@imperial.ac.uk</email>
  </overall_contact>
  <overall_contact_backup>
    <last_name>Sadia Khan, Dr</last_name>
    <email>sadia.khan@chelwest.nhs.uk</email>
  </overall_contact_backup>
  <verification_date>July 2020</verification_date>
  <study_first_submitted>April 1, 2020</study_first_submitted>
  <study_first_submitted_qc>April 6, 2020</study_first_submitted_qc>
  <study_first_posted type="Actual">April 7, 2020</study_first_posted>
  <last_update_submitted>July 29, 2020</last_update_submitted>
  <last_update_submitted_qc>July 29, 2020</last_update_submitted_qc>
  <last_update_posted type="Actual">July 31, 2020</last_update_posted>
  <responsible_party>
    <responsible_party_type>Sponsor</responsible_party_type>
  </responsible_party>
  <keyword>coronavirus</keyword>
  <keyword>remote monitoring</keyword>
  <keyword>deterioration</keyword>
  <keyword>escalation</keyword>
  <condition_browse>
    <!-- CAUTION:  The following MeSH terms are assigned with an imperfect algorithm            -->
    <mesh_term>Coronavirus Infections</mesh_term>
  </condition_browse>
  <!-- Results have not yet been posted for this study                                          -->
</clinical_study>

