<?xml version="1.0" encoding="UTF-8"?>
<clinical_study rank="374">
  <!-- This xml conforms to an XML Schema at:
    https://clinicaltrials.gov/ct2/html/images/info/public.xsd -->
  <required_header>
    <download_date>ClinicalTrials.gov processed this data on April 23, 2021</download_date>
    <link_text>Link to the current ClinicalTrials.gov record.</link_text>
    <url>https://clinicaltrials.gov/show/NCT04353284</url>
  </required_header>
  <id_info>
    <org_study_id>2000027971</org_study_id>
    <nct_id>NCT04353284</nct_id>
  </id_info>
  <brief_title>Camostat Mesylate in COVID-19 Outpatients</brief_title>
  <official_title>The Effect of Camostat Mesylate on COVID-19 Infection in Ambulatory Patients: An Investigator-Initiated Randomized, Placebo-Controlled, Phase IIa Trial</official_title>
  <sponsors>
    <lead_sponsor>
      <agency>Yale University</agency>
      <agency_class>Other</agency_class>
    </lead_sponsor>
  </sponsors>
  <source>Yale University</source>
  <oversight_info>
    <has_dmc>Yes</has_dmc>
    <is_fda_regulated_drug>Yes</is_fda_regulated_drug>
    <is_fda_regulated_device>No</is_fda_regulated_device>
    <is_us_export>No</is_us_export>
  </oversight_info>
  <brief_summary>
    <textblock>
      The rationale of the present clinical trial is that an orally available drug given to&#xD;
      outpatients that could reduce the viral burden in the upper respiratory tract could forestall&#xD;
      complications of SARS-CoV-2 infection and reduce transmission from one infected individual to&#xD;
      another.&#xD;
    </textblock>
  </brief_summary>
  <detailed_description>
    <textblock>
      The study is designed as a double-blind randomized controlled clinical trial to test the&#xD;
      hypothesis that camostat mesylate, a serine protease inhibitor shown to inhibit SARS-COV-2&#xD;
      replication in vitro, inhibits SARS-COV-2 replication in early stage, laboratory-confirmed,&#xD;
      COVID-19 ambulatory patients.&#xD;
&#xD;
      Camostat mesylate, a serine protease inhibitor used primarily for treating postoperative&#xD;
      reflux esophagitis and for acute exacerbations of chronic pancreatitis. This drug, with more&#xD;
      than 15 years clinical experience in Japan with a very safe clinical track record, will be&#xD;
      studied as a repurposed drug based on published in vitro virus inhibition data and in vivo&#xD;
      protective effects in a mouse model of SARS.&#xD;
&#xD;
      The primary objective of this study is to determine whether camostat mesylate reduces&#xD;
      SARS-COV-2 viral load in early COVID-19 disease.&#xD;
    </textblock>
  </detailed_description>
  <overall_status>Recruiting</overall_status>
  <start_date type="Actual">June 19, 2020</start_date>
  <completion_date type="Anticipated">May 31, 2021</completion_date>
  <primary_completion_date type="Anticipated">May 31, 2021</primary_completion_date>
  <phase>Phase 2</phase>
  <study_type>Interventional</study_type>
  <has_expanded_access>No</has_expanded_access>
  <study_design_info>
    <allocation>Randomized</allocation>
    <intervention_model>Parallel Assignment</intervention_model>
    <primary_purpose>Treatment</primary_purpose>
    <masking>Quadruple (Participant, Care Provider, Investigator, Outcomes Assessor)</masking>
  </study_design_info>
  <primary_outcome>
    <measure>Change in SARS-COV-2 viral load</measure>
    <time_frame>5 days</time_frame>
    <description>To determine whether camostat mesylate reduces SARS-COV-2 viral load in early COVID-19 disease, change from day 0 to day 4 in respiratory (oropharyngeal swab RT-PCR) log10 viral load will be assessed.</description>
  </primary_outcome>
  <secondary_outcome>
    <measure>Change in SARS-COV-2 viral load</measure>
    <time_frame>3 days</time_frame>
    <description>To determine whether camostat mesylate reduces SARS-COV-2 viral load in early COVID-19 disease, change from day 0 to day 2 in respiratory (oropharyngeal swab RT-PCR) log10 viral load will be assessed.</description>
  </secondary_outcome>
  <secondary_outcome>
    <measure>Change in SARS-COV-2 viral load</measure>
    <time_frame>7 days</time_frame>
    <description>To determine whether camostat mesylate reduces SARS-COV-2 viral load in early COVID-19 disease, change from day 0 to day 6 in respiratory (oropharyngeal swab RT-PCR) log10 viral load will be assessed.</description>
  </secondary_outcome>
  <secondary_outcome>
    <measure>Change in positive COVID-19 status</measure>
    <time_frame>7 days</time_frame>
    <description>Change in risk for a positive COVID-19 test at day 6 after enrollment (day 0) will be assessed by analyzing the proportion of positive cases in each study arm.</description>
  </secondary_outcome>
  <secondary_outcome>
    <measure>Change in positive COVID-19 status</measure>
    <time_frame>14 days</time_frame>
    <description>Change in risk for a positive COVID-19 test at day 13 after enrollment (day 0) will be assessed by analyzing the proportion of positive cases in each study arm.</description>
  </secondary_outcome>
  <secondary_outcome>
    <measure>Change in positive COVID-19 status</measure>
    <time_frame>28 days</time_frame>
    <description>Change in risk for a positive COVID-19 test at day 27 after enrollment (day 0) will be assessed by analyzing the proportion of positive cases in each study arm.</description>
  </secondary_outcome>
  <secondary_outcome>
    <measure>Change in COVID-19 symptom severity</measure>
    <time_frame>7 days</time_frame>
    <description>Change of COVID-19 symptom severity from day 0 to day 6 will be assessed with the COVID-19 daily self score tool. Adapted from the FLU-PRO instrument, it consists of 39 items that are answered daily. Items 1-33 are Likert scale questions (rated 0-4) where 0 = not at all and 4 = very much. These items are summed to score the severity of symptoms- where a total score of 132 would indicate the greatest severity of symptoms and a score of 0 would indicate no severity of symptoms. Items 34-38 are also Likert scale questions (rated 0-4) that measure the frequency of specific daily symptoms where 0 = 0 times and 4 = 4 times or more. These items are summed to score the frequency of symptoms- where the highest score for the frequency of symptoms (20) indicates the greatest burden of symptom frequency. The last question (39) asks patients for their highest temperature in Fahrenheit.</description>
  </secondary_outcome>
  <secondary_outcome>
    <measure>Change in COVID-19 symptom severity</measure>
    <time_frame>14 days</time_frame>
    <description>Change of COVID-19 symptom severity from day 0 to day 14 will be assessed with the COVID-19 daily self score tool. Adapted from the FLU-PRO instrument, it consists of 39 items that are answered daily. Items 1-33 are Likert scale questions (rated 0-4) where 0 = not at all and 4 = very much. These items are summed to score the severity of symptoms- where a total score of 132 would indicate the greatest severity of symptoms and a score of 0 would indicate no severity of symptoms. Items 34-38 are also Likert scale questions (rated 0-4) that measure the frequency of specific daily symptoms where 0 = 0 times and 4 = 4 times or more. These items are summed to score the frequency of symptoms- where the highest score for the frequency of symptoms (20) indicates the greatest burden of symptom frequency. The last question (39) asks patients for their highest temperature in Fahrenheit.</description>
  </secondary_outcome>
  <secondary_outcome>
    <measure>Change in COVID-19 symptom frequency</measure>
    <time_frame>7 days</time_frame>
    <description>Change of COVID-19 symptom score from day 0 to day 6 will be assessed with the COVID-19 daily self score tool. Adapted from the FLU-PRO instrument, it consists of 39 items that are answered daily. Items 1-33 are Likert scale questions (rated 0-4) where 0 = not at all and 4 = very much. These items are summed to score the severity of symptoms- where a total score of 132 would indicate the greatest severity of symptoms and a score of 0 would indicate no severity of symptoms. Items 34-38 are also Likert scale questions (rated 0-4) that measure the frequency of specific daily symptoms where 0 = 0 times and 4 = 4 times or more. These items are summed to score the frequency of symptoms- where the highest score for the frequency of symptoms (20) indicates the greatest burden of symptom frequency. The last question (39) asks patients for their highest temperature in Fahrenheit.</description>
  </secondary_outcome>
  <secondary_outcome>
    <measure>Change in COVID-19 symptom frequency</measure>
    <time_frame>14 days</time_frame>
    <description>Change of COVID-19 symptom score from day 0 to day 14 will be assessed with the COVID-19 daily self score tool. Adapted from the FLU-PRO instrument, it consists of 39 items that are answered daily. Items 1-33 are Likert scale questions (rated 0-4) where 0 = not at all and 4 = very much. These items are summed to score the severity of symptoms- where a total score of 132 would indicate the greatest severity of symptoms and a score of 0 would indicate no severity of symptoms. Items 34-38 are also Likert scale questions (rated 0-4) that measure the frequency of specific daily symptoms where 0 = 0 times and 4 = 4 times or more. These items are summed to score the frequency of symptoms- where the highest score for the frequency of symptoms (20) indicates the greatest burden of symptom frequency. The last question (39) asks patients for their highest temperature in Fahrenheit.</description>
  </secondary_outcome>
  <secondary_outcome>
    <measure>Change in body temperature</measure>
    <time_frame>7 days</time_frame>
    <description>Change of COVID-19 symptom score from baseline to day 6 will be assessed with the COVID-19 daily self score tool. Adapted from the FLU-PRO instrument, it consists of 39 items that are answered daily. Items 1-33 are Likert scale questions (rated 0-4) where 0 = not at all and 4 = very much. These items are summed to score the severity of symptoms- where a total score of 132 would indicate the greatest severity of symptoms and a score of 0 would indicate no severity of symptoms. Items 34-38 are also Likert scale questions (rated 0-4) that measure the frequency of specific daily symptoms where 0 = 0 times and 4 = 4 times or more. These items are summed to score the frequency of symptoms- where the highest score for the frequency of symptoms (20) indicates the greatest burden of symptom frequency. The last question (39) asks patients for their highest temperature in Fahrenheit.</description>
  </secondary_outcome>
  <secondary_outcome>
    <measure>Change in body temperature</measure>
    <time_frame>14 days</time_frame>
    <description>Change of COVID-19 symptom score from baseline to day 14 will be assessed with the COVID-19 daily self score tool. Adapted from the FLU-PRO instrument, it consists of 39 items that are answered daily. Items 1-33 are Likert scale questions (rated 0-4) where 0 = not at all and 4 = very much. These items are summed to score the severity of symptoms- where a total score of 132 would indicate the greatest severity of symptoms and a score of 0 would indicate no severity of symptoms. Items 34-38 are also Likert scale questions (rated 0-4) that measure the frequency of specific daily symptoms where 0 = 0 times and 4 = 4 times or more. These items are summed to score the frequency of symptoms- where the highest score for the frequency of symptoms (20) indicates the greatest burden of symptom frequency. The last question (39) asks patients for their highest temperature in Fahrenheit.</description>
  </secondary_outcome>
  <number_of_arms>2</number_of_arms>
  <enrollment type="Anticipated">114</enrollment>
  <condition>COVID-19</condition>
  <arm_group>
    <arm_group_label>Camostat mesylate</arm_group_label>
    <arm_group_type>Experimental</arm_group_type>
    <description>Camostat mesylate 200mg taken 7 days.</description>
  </arm_group>
  <arm_group>
    <arm_group_label>Placebo</arm_group_label>
    <arm_group_type>Placebo Comparator</arm_group_type>
    <description>Placebo taken for 7 days.</description>
  </arm_group>
  <intervention>
    <intervention_type>Drug</intervention_type>
    <intervention_name>Camostat Mesilate</intervention_name>
    <description>Camostat mesilate 200mg taken orally, 4 times daily, for 7 days.</description>
    <arm_group_label>Camostat mesylate</arm_group_label>
    <other_name>Fiopan, Camostat Mesylate</other_name>
  </intervention>
  <intervention>
    <intervention_type>Other</intervention_type>
    <intervention_name>Placebo</intervention_name>
    <description>Placebo taken orally, 4 times daily, for 7 days.</description>
    <arm_group_label>Placebo</arm_group_label>
  </intervention>
  <eligibility>
    <criteria>
      <textblock>
        Inclusion Criteria:&#xD;
&#xD;
          -  Be enrolled within 3 days of being notified of their first positive COVID-19 test&#xD;
             result.&#xD;
&#xD;
          -  Evidence of a recent active COVID-19 infection, as evidenced by the positive test&#xD;
             results being associated with at least one COVID-19-compatible symptom such as fever,&#xD;
             upper respiratory symptoms, cough, chills, loss of taste/smell, etc.(see COVID-19-PRO&#xD;
             symptom score sheet), or a recent high-risk exposure to COVID-19&#xD;
&#xD;
          -  Provision of informed consent.&#xD;
&#xD;
          -  Stated willingness to comply with all study procedures and availability for the&#xD;
             duration of the study.&#xD;
&#xD;
          -  Diagnosed with COVID-19 within past 3 days and not exhibiting manifestations requiring&#xD;
             hospitalization such as extreme shortness of breath or severe prostration. Nurses at&#xD;
             the study site will assess such severe conditions requiring hospitalization, which&#xD;
             would preclude enrollment.&#xD;
&#xD;
          -  Ability to take oral medication and be willing to adhere to the camostat mesylate&#xD;
             regimen.&#xD;
&#xD;
          -  For females of reproductive potential: use of highly effective contraception for at&#xD;
             least 1 month prior to screening and agreement to use such a method during study&#xD;
             participation and for an additional 4 weeks after the end of the camostat mesylate&#xD;
             administration.&#xD;
&#xD;
          -  For males of reproductive potential: use of condoms or other methods to ensure&#xD;
             effective contraception with partner.&#xD;
&#xD;
          -  Agreement to adhere to Lifestyle Considerations (see section 5.3) throughout study&#xD;
             duration.&#xD;
&#xD;
          -  English and Spanish speaking subjects as well as patients speaking any language for&#xD;
             which we can find appropriate translators will be enrolled. A short form with&#xD;
             interpretation will be used for anyone speaking a language for which a translated&#xD;
             informed consent form is not currently available in accordance with local site IRB&#xD;
             policies, including developing certified translations as necessary.&#xD;
&#xD;
        Exclusion Criteria:&#xD;
&#xD;
          -  Presence of COVID-19 disease manifestations that would require referral for&#xD;
             consideration of hospitalization.&#xD;
&#xD;
          -  A previous positive COVID-19 test reported more than 7 days before, which would&#xD;
             indicate likelihood of non-culturable, nonreplicating virus.&#xD;
&#xD;
          -  A positive COVID-19 test without a known recent exposure that would indicate an active&#xD;
             infection, hence an unknown chance of non-culturable, non-replicating virus being&#xD;
             present (i.e., asymptomatic COVID-19 infection of unknown duration).&#xD;
&#xD;
          -  Pregnancy or lactation.&#xD;
&#xD;
          -  Known allergic reactions to components of camostat mesylate.&#xD;
&#xD;
          -  With regard to inclusion or exclusion of women of child-bearing potential, women who&#xD;
             report that they know they are pregnant are excluded. All women of child-bearing&#xD;
             potential who test positive for pregnancy by urine test at first visit are excluded. A&#xD;
             day 14 followup blood pregnancy test will be done on appropriate enrolled women (i.e.&#xD;
             those who had a negative urine pregnancy test on day 0 for further safety assessment&#xD;
             ).&#xD;
      </textblock>
    </criteria>
    <gender>All</gender>
    <minimum_age>18 Years</minimum_age>
    <maximum_age>N/A</maximum_age>
    <healthy_volunteers>No</healthy_volunteers>
  </eligibility>
  <overall_official>
    <last_name>Geoffrey Chupp, M.D.</last_name>
    <role>Principal Investigator</role>
    <affiliation>Director, Yale Center for Asthma and Airways Disease (YCAAD)</affiliation>
  </overall_official>
  <overall_official>
    <last_name>Joseph Vinetz, M.D.</last_name>
    <role>Principal Investigator</role>
    <affiliation>Professor, Section of Infectious Diseases: Department of Internal Medicine</affiliation>
  </overall_official>
  <overall_contact>
    <last_name>Geoffrey Chupp, M.D.</last_name>
    <phone>(203) 785-3627</phone>
    <email>geoffrey.chupp@yale.edu</email>
  </overall_contact>
  <overall_contact_backup>
    <last_name>Joseph Vinetz, M.D.</last_name>
    <phone>(203) 737-9730</phone>
    <email>joseph.vinetz@yale.edu</email>
  </overall_contact_backup>
  <location>
    <facility>
      <name>Yale University</name>
      <address>
        <city>New Haven</city>
        <state>Connecticut</state>
        <zip>06511</zip>
        <country>United States</country>
      </address>
    </facility>
    <status>Recruiting</status>
    <contact>
      <last_name>Joseph Vinetz, MD</last_name>
      <phone>203-737-9730</phone>
      <email>joseph.vinetz@yale.edu</email>
    </contact>
  </location>
  <location_countries>
    <country>United States</country>
  </location_countries>
  <verification_date>November 2020</verification_date>
  <study_first_submitted>April 16, 2020</study_first_submitted>
  <study_first_submitted_qc>April 17, 2020</study_first_submitted_qc>
  <study_first_posted type="Actual">April 20, 2020</study_first_posted>
  <last_update_submitted>November 19, 2020</last_update_submitted>
  <last_update_submitted_qc>November 19, 2020</last_update_submitted_qc>
  <last_update_posted type="Actual">November 24, 2020</last_update_posted>
  <responsible_party>
    <responsible_party_type>Principal Investigator</responsible_party_type>
    <investigator_affiliation>Yale University</investigator_affiliation>
    <investigator_full_name>Geoffrey Chupp</investigator_full_name>
    <investigator_title>Director, Yale Center for Asthma and Airways Disease (YCAAD)</investigator_title>
  </responsible_party>
  <intervention_browse>
    <!-- CAUTION:  The following MeSH terms are assigned with an imperfect algorithm            -->
    <mesh_term>Gabexate</mesh_term>
    <mesh_term>Camostat</mesh_term>
  </intervention_browse>
  <patient_data>
    <sharing_ipd>No</sharing_ipd>
  </patient_data>
  <!-- Results have not yet been posted for this study                                          -->
</clinical_study>

