<?xml version="1.0" encoding="UTF-8"?>
<clinical_study rank="1983">
  <!-- This xml conforms to an XML Schema at:
    https://clinicaltrials.gov/ct2/html/images/info/public.xsd -->
  <required_header>
    <download_date>ClinicalTrials.gov processed this data on April 23, 2021</download_date>
    <link_text>Link to the current ClinicalTrials.gov record.</link_text>
    <url>https://clinicaltrials.gov/show/NCT04841681</url>
  </required_header>
  <id_info>
    <org_study_id>20-05-0546</org_study_id>
    <nct_id>NCT04841681</nct_id>
  </id_info>
  <brief_title>Video-based Psychotherapy for COVID-19 Patients in Isolation Ward in Jakarta</brief_title>
  <official_title>Effectiveness of Video-based Psychotherapy in Reducing Distress in Patients With COVID-19 Treated in a Hospital Isolation Ward in Jakarta</official_title>
  <sponsors>
    <lead_sponsor>
      <agency>Indonesia University</agency>
      <agency_class>Other</agency_class>
    </lead_sponsor>
    <collaborator>
      <agency>National Institute of Health Research and Development, Ministry of Health Republic of Indonesia</agency>
      <agency_class>Other</agency_class>
    </collaborator>
  </sponsors>
  <source>Indonesia University</source>
  <oversight_info>
    <has_dmc>No</has_dmc>
    <is_fda_regulated_drug>No</is_fda_regulated_drug>
    <is_fda_regulated_device>No</is_fda_regulated_device>
  </oversight_info>
  <brief_summary>
    <textblock>
      The COVID-19 pandemic has made severe impact worldwide for those inflicted by the disease,&#xD;
      the caretakers, the general public, as well as the health care system. Hospitalized patients&#xD;
      with COVID-19 experience physical isolation during treatment. Isolation may lead to&#xD;
      psychological distress that could negatively affect well-being such as affective states of&#xD;
      depression, anxiety, and loneliness. Thus, creative ways to deliver psycho-social support are&#xD;
      needed when face-to-face therapy sessions may not possible. We investigated the effectiveness&#xD;
      of video-based psychotherapy in reducing distress in patients with COVID-19 treated in a&#xD;
      general hospital isolation ward in Jakarta. This study included 42 patients with COVID-19,&#xD;
      who were asked to watch three brief psychotherapy videos about relaxation, managing thoughts&#xD;
      and emotions, and mindfulness. Before and after watching the videos, patients were asked to&#xD;
      complete the Subjective Units of Distress Scale (SUDS) to measure their stress level. 31&#xD;
      subjects experienced a significant decrease in SUDS score after the intervention. Our brief&#xD;
      video-based psychotherapy intervention may have a positive effect on reducing distress in&#xD;
      hospitalized COVID-19 patients in areas with scarce resources.&#xD;
    </textblock>
  </brief_summary>
  <detailed_description>
    <textblock>
      The coronavirus disease 2019 (COVID-19) pandemic has brought severe consequences worldwide.&#xD;
      Indonesia is one of the countries which has been affected by this pandemic. The examination,&#xD;
      treatment, and monitoring of individuals with COVID-19 often requires them to be in a&#xD;
      hospital isolation ward. There are a lot of factors which could negatively affect the mental&#xD;
      health of such patients during their isolation, to the point that they develop significantly&#xD;
      debilitating conditions.&#xD;
&#xD;
      Several psychotherapy interventions have been known to be effective during a pandemic&#xD;
      situation. The interventions include those based on techniques of relaxation, managing&#xD;
      thoughts and feelings, and mindfulness. These methods could help reducing negative and&#xD;
      catastrophic thoughts about the future, reducing distress level and hyperarousal, and other&#xD;
      beneficial effect. However, due to the high transmission rate of SARS-CoV-2 virus (severe&#xD;
      acute respiratory syndrome-coronavirus 2), face-to-face therapy sessions are rendered&#xD;
      difficult to hold under the circumstances. Thus, we conducted a pilot study to test the&#xD;
      impact of a video-based psychotherapy intervention on distress and well-being in hospitalized&#xD;
      COVID-19 patients in a medical isolation ward.&#xD;
&#xD;
      This pilot study included 42 patients with COVID-19, aged 20-59. Participants watched three&#xD;
      brief psychotherapy videos covering relaxation, managing thoughts and emotions, and&#xD;
      mindfulness. Before and after watching the videos, patients were asked to complete the&#xD;
      Subjective Units of Distress Scale (SUDS). 31 subjects experienced a significant median&#xD;
      decrease in SUDS score after the intervention. The effect size was 0.485, with a 95%&#xD;
      confidence interval of 0.302 to 0.634. Our brief video-based psychotherapy intervention may&#xD;
      have a positive effect on reducing distress in hospitalized COVID-19 patients in areas with&#xD;
      scarce resources. This study could be used as a reference for future studies regarding the&#xD;
      method of choice for delivering psychotherapy intervention for patients in isolation ward&#xD;
      during the COVID-19 pandemic.&#xD;
    </textblock>
  </detailed_description>
  <overall_status>Completed</overall_status>
  <start_date type="Actual">June 7, 2020</start_date>
  <completion_date type="Actual">August 26, 2020</completion_date>
  <primary_completion_date type="Actual">August 25, 2020</primary_completion_date>
  <phase>N/A</phase>
  <study_type>Interventional</study_type>
  <has_expanded_access>No</has_expanded_access>
  <study_design_info>
    <allocation>N/A</allocation>
    <intervention_model>Single Group Assignment</intervention_model>
    <intervention_model_description>This study utilized the quasi-experimental design with a pre-test-post-test and without a control group.</intervention_model_description>
    <primary_purpose>Supportive Care</primary_purpose>
    <masking>None (Open Label)</masking>
  </study_design_info>
  <primary_outcome>
    <measure>Change from Baseline Subjective Units of Distress (SUDS) at Right After Receiving Video-based Psychotherapy</measure>
    <time_frame>Baseline (before receiving the intervention of video-based psychotherapy) and immediately after receiving the intervention of video-based psychotherapy (right after the participants have finished watching the 30 minutes-long psychotherapy videos)</time_frame>
    <description>Subjective Units of Distress (SUDS) is a self-rating instrument used to measure the distress level of an individual in a numeric scale from the scale of 0 (no distress) to 10 (extreme distress).&#xD;
Change = score right after participants have received the video-based psychotherapy - baseline score before they received the video-based psychotherapy</description>
  </primary_outcome>
  <number_of_arms>1</number_of_arms>
  <enrollment type="Actual">42</enrollment>
  <condition>Covid19</condition>
  <condition>Distress, Emotional</condition>
  <arm_group>
    <arm_group_label>Video-based Psychotherapy</arm_group_label>
    <arm_group_type>Experimental</arm_group_type>
    <description>The group received the intervention of video-based psychotherapy.</description>
  </arm_group>
  <intervention>
    <intervention_type>Behavioral</intervention_type>
    <intervention_name>Video-based Psychotherapy</intervention_name>
    <description>Participants in the group watched three short videos. Therapeutic elements in the three consecutive short videos included relaxation therapy, managing thoughts and feelings, and mindfulness. Each video has a duration of just over 10 minutes.&#xD;
In the first video, the participants were introduced to the purpose and benefits of relaxation techniques. These included rhythmic breathing techniques, progressive muscle relaxation, imagining a comforting and quiet place, and positive self-talk. In the second video about managing thoughts and feelings, the participants were introduced to the notion of acceptance of their condition. They were invited to recognize the emergence of negative feelings and thoughts related to acceptance. In the last video about mindfulness, patients were introduced to three basic mindfulness skills: observation, elaboration, and participation.</description>
    <arm_group_label>Video-based Psychotherapy</arm_group_label>
  </intervention>
  <eligibility>
    <criteria>
      <textblock>
        Inclusion Criteria:&#xD;
&#xD;
          -  Patients with COVID-19 in Kiara Ultimate CMH (Cipto Mangunkusumo Hospital) isolation&#xD;
             ward who are at least 18 years old&#xD;
&#xD;
          -  Patients with COVID-19 in Kiara Ultimate CMH isolation ward who are able to give an&#xD;
             informed consent&#xD;
&#xD;
          -  Patients with COVID-19 in Kiara Ultimate CMH isolation ward who agreed to watch the&#xD;
             psychotherapy videos about relaxation, managing thoughts and feelings, and mindfulness&#xD;
             using electronic devices provided by the research team or their own devices&#xD;
             independently&#xD;
&#xD;
        Exclusion Criteria:&#xD;
&#xD;
          -  Patients in unstable conditions such as patients on a ventilator, experiencing&#xD;
             breathing difficulties, or in need of oxygen support, with fluctuating levels of&#xD;
             consciousness&#xD;
&#xD;
          -  Patients with physical and intellectual disabilities that may hinder ability to&#xD;
             understand instructions of the video-based psychotherapy intervention&#xD;
      </textblock>
    </criteria>
    <gender>All</gender>
    <minimum_age>18 Years</minimum_age>
    <maximum_age>N/A</maximum_age>
    <healthy_volunteers>No</healthy_volunteers>
  </eligibility>
  <location>
    <facility>
      <name>dr. Cipto Mangunkusumo National General Hospital</name>
      <address>
        <city>Jakarta Pusat</city>
        <state>DKI Jakarta</state>
        <zip>10430</zip>
        <country>Indonesia</country>
      </address>
    </facility>
  </location>
  <location_countries>
    <country>Indonesia</country>
  </location_countries>
  <reference>
    <citation>Abad C, Fearday A, Safdar N. Adverse effects of isolation in hospitalised patients: a systematic review. J Hosp Infect. 2010 Oct;76(2):97-102. doi: 10.1016/j.jhin.2010.04.027. Review.</citation>
    <PMID>20619929</PMID>
  </reference>
  <reference>
    <citation>Zandifar A, Badrfam R, Yazdani S, Arzaghi SM, Rahimi F, Ghasemi S, Khamisabadi S, Mohammadian Khonsari N, Qorbani M. Prevalence and severity of depression, anxiety, stress and perceived stress in hospitalized patients with COVID-19. J Diabetes Metab Disord. 2020 Oct 29:1-8. doi: 10.1007/s40200-020-00667-1. [Epub ahead of print]</citation>
    <PMID>33145259</PMID>
  </reference>
  <reference>
    <citation>Brooks SK, Webster RK, Smith LE, Woodland L, Wessely S, Greenberg N, Rubin GJ. The psychological impact of quarantine and how to reduce it: rapid review of the evidence. Lancet. 2020 Mar 14;395(10227):912-920. doi: 10.1016/S0140-6736(20)30460-8. Epub 2020 Feb 26. Review.</citation>
    <PMID>32112714</PMID>
  </reference>
  <reference>
    <citation>Zarghami A, Farjam M, Fakhraei B, Hashemzadeh K, Yazdanpanah MH. A Report of the Telepsychiatric Evaluation of SARS-CoV-2 Patients. Telemed J E Health. 2020 Dec;26(12):1461-1465. doi: 10.1089/tmj.2020.0125. Epub 2020 Jun 11.</citation>
    <PMID>32525755</PMID>
  </reference>
  <reference>
    <citation>Cheng W, Zhang F, Hua Y, Yang Z, Liu J. Development of a psychological first-aid model in inpatients with COVID-19 in Wuhan, China. Gen Psychiatr. 2020 Jun 17;33(3):e100292. doi: 10.1136/gpsych-2020-100292. eCollection 2020.</citation>
    <PMID>32596642</PMID>
  </reference>
  <reference>
    <citation>Sherifali D, Ali MU, Ploeg J, Markle-Reid M, Valaitis R, Bartholomew A, Fitzpatrick-Lewis D, McAiney C. Impact of Internet-Based Interventions on Caregiver Mental Health: Systematic Review and Meta-Analysis. J Med Internet Res. 2018 Jul 3;20(7):e10668. doi: 10.2196/10668.</citation>
    <PMID>29970358</PMID>
  </reference>
  <reference>
    <citation>Nelson NA, Bergeman CS. Daily Stress Processes in a Pandemic: The Effects of Worry, Age, and Affect. Gerontologist. 2021 Feb 23;61(2):196-204. doi: 10.1093/geront/gnaa187.</citation>
    <PMID>33186445</PMID>
  </reference>
  <reference>
    <citation>Nwachukwu I, Nkire N, Shalaby R, Hrabok M, Vuong W, Gusnowski A, Surood S, Urichuk L, Greenshaw AJ, Agyapong VIO. COVID-19 Pandemic: Age-Related Differences in Measures of Stress, Anxiety and Depression in Canada. Int J Environ Res Public Health. 2020 Sep 1;17(17). pii: E6366. doi: 10.3390/ijerph17176366.</citation>
    <PMID>32882922</PMID>
  </reference>
  <results_reference>
    <citation>Wei N, Huang BC, Lu SJ, Hu JB, Zhou XY, Hu CC, Chen JK, Huang JW, Li SG, Wang Z, Wang DD, Xu Y, Hu SH. Efficacy of internet-based integrated intervention on depression and anxiety symptoms in patients with COVID-19. J Zhejiang Univ Sci B. 2020 May;21(5):400-404. doi: 10.1631/jzus.B2010013. Epub 2020 Apr 1.</citation>
    <PMID>32425006</PMID>
  </results_reference>
  <results_reference>
    <citation>Liu K, Chen Y, Wu D, Lin R, Wang Z, Pan L. Effects of progressive muscle relaxation on anxiety and sleep quality in patients with COVID-19. Complement Ther Clin Pract. 2020 May;39:101132. doi: 10.1016/j.ctcp.2020.101132. Epub 2020 Mar 6.</citation>
    <PMID>32379667</PMID>
  </results_reference>
  <results_reference>
    <citation>Dekker RL, Moser DK, Peden AR, Lennie TA. Cognitive therapy improves three-month outcomes in hospitalized patients with heart failure. J Card Fail. 2012 Jan;18(1):10-20. doi: 10.1016/j.cardfail.2011.09.008. Epub 2011 Nov 9.</citation>
    <PMID>22196836</PMID>
  </results_reference>
  <results_reference>
    <citation>Conversano C, Di Giuseppe M, Miccoli M, Ciacchini R, Gemignani A, Orrù G. Mindfulness, Age and Gender as Protective Factors Against Psychological Distress During COVID-19 Pandemic. Front Psychol. 2020 Sep 11;11:1900. doi: 10.3389/fpsyg.2020.01900. eCollection 2020.</citation>
    <PMID>33013503</PMID>
  </results_reference>
  <results_reference>
    <citation>Behan C. The benefits of meditation and mindfulness practices during times of crisis such as COVID-19. Ir J Psychol Med. 2020 Dec;37(4):256-258. doi: 10.1017/ipm.2020.38. Epub 2020 May 14.</citation>
    <PMID>32406348</PMID>
  </results_reference>
  <results_reference>
    <citation>Grazzi L, Rizzoli P, Andrasik F. Effectiveness of mindfulness by smartphone, for patients with chronic migraine and medication overuse during the Covid-19 emergency. Neurol Sci. 2020 Dec;41(Suppl 2):461-462. doi: 10.1007/s10072-020-04659-0.</citation>
    <PMID>32794128</PMID>
  </results_reference>
  <results_reference>
    <citation>Reyes AT. A Mindfulness Mobile App for Traumatized COVID-19 Healthcare Workers and Recovered Patients: A Response to &quot;The Use of Digital Applications and COVID-19&quot;. Community Ment Health J. 2020 Oct;56(7):1204-1205. doi: 10.1007/s10597-020-00690-9. Epub 2020 Aug 9.</citation>
    <PMID>32772205</PMID>
  </results_reference>
  <verification_date>April 2021</verification_date>
  <study_first_submitted>April 6, 2021</study_first_submitted>
  <study_first_submitted_qc>April 8, 2021</study_first_submitted_qc>
  <study_first_posted type="Actual">April 12, 2021</study_first_posted>
  <last_update_submitted>April 8, 2021</last_update_submitted>
  <last_update_submitted_qc>April 8, 2021</last_update_submitted_qc>
  <last_update_posted type="Actual">April 12, 2021</last_update_posted>
  <responsible_party>
    <responsible_party_type>Principal Investigator</responsible_party_type>
    <investigator_affiliation>Indonesia University</investigator_affiliation>
    <investigator_full_name>Petrin Redayani Lukman</investigator_full_name>
    <investigator_title>Principal Investigator</investigator_title>
  </responsible_party>
  <keyword>COVID-19</keyword>
  <keyword>distress</keyword>
  <keyword>patients in isolation wards</keyword>
  <keyword>video-based psychotherapy</keyword>
  <patient_data>
    <sharing_ipd>Yes</sharing_ipd>
    <ipd_description>We plan to share the data of participants' (identities will be initials only) demographic data and SUDS score before and after watching the video.</ipd_description>
    <ipd_time_frame>1 month after publication.</ipd_time_frame>
    <ipd_access_criteria>The data will be available through request to Petrin Redayani Lukman MD as the contact person, e-mail ptrn1010@yahoo.com.</ipd_access_criteria>
  </patient_data>
  <provided_document_section>
    <provided_document>
      <document_type>Study Protocol and Statistical Analysis Plan</document_type>
      <document_has_protocol>Yes</document_has_protocol>
      <document_has_icf>No</document_has_icf>
      <document_has_sap>Yes</document_has_sap>
      <document_date>March 20, 2021</document_date>
      <document_url>https://ClinicalTrials.gov/ProvidedDocs/81/NCT04841681/Prot_SAP_000.pdf</document_url>
    </provided_document>
  </provided_document_section>
  <!-- Results have not yet been posted for this study                                          -->
</clinical_study>

