<?xml version="1.0" encoding="UTF-8"?>
<clinical_study rank="1036">
  <!-- This xml conforms to an XML Schema at:
    https://clinicaltrials.gov/ct2/html/images/info/public.xsd -->
  <required_header>
    <download_date>ClinicalTrials.gov processed this data on April 23, 2021</download_date>
    <link_text>Link to the current ClinicalTrials.gov record.</link_text>
    <url>https://clinicaltrials.gov/show/NCT04363541</url>
  </required_header>
  <id_info>
    <org_study_id>U1111-1250-7416</org_study_id>
    <nct_id>NCT04363541</nct_id>
  </id_info>
  <brief_title>Local Thermotherapy for Patients With Mild-to-moderate COVID-19</brief_title>
  <acronym>TherMoCoV</acronym>
  <official_title>A Multicenter, Open-label, Parallel-group, Randomized, Adaptive Trial to Evaluate Local Thermotherapy in Patients With Mild-to-moderate COVID-19, to Prevent Disease Progression</official_title>
  <sponsors>
    <lead_sponsor>
      <agency>Instituto Nacional de Perinatologia</agency>
      <agency_class>Other</agency_class>
    </lead_sponsor>
    <collaborator>
      <agency>Direccion General de Calidad y Educacion en Salud</agency>
      <agency_class>Other</agency_class>
    </collaborator>
    <collaborator>
      <agency>Instituto Mexicano del Seguro Social</agency>
      <agency_class>Other</agency_class>
    </collaborator>
    <collaborator>
      <agency>Hospital Regional de Alta Especialidad Juan Graham Tabasco</agency>
      <agency_class>Other</agency_class>
    </collaborator>
    <collaborator>
      <agency>Hospital Dr. Ángel Leaño</agency>
      <agency_class>Other</agency_class>
    </collaborator>
    <collaborator>
      <agency>National Polytechnic Institute, Mexico</agency>
      <agency_class>Other</agency_class>
    </collaborator>
    <collaborator>
      <agency>Universidad Juárez Autónoma de Tabasco</agency>
      <agency_class>Other</agency_class>
    </collaborator>
  </sponsors>
  <source>Instituto Nacional de Perinatologia</source>
  <oversight_info>
    <has_dmc>No</has_dmc>
    <is_fda_regulated_drug>No</is_fda_regulated_drug>
    <is_fda_regulated_device>Yes</is_fda_regulated_device>
    <is_us_export>Yes</is_us_export>
  </oversight_info>
  <brief_summary>
    <textblock>
      The etiological agent of the current pandemic is a (+)ssRNA virus. SARS-CoV-2 is infecting&#xD;
      thousands of people in the world with a fatality rate that varies from 0.1 to 5% in affected&#xD;
      countries, thereby causing enormous economic losses. Few antibiotics have shown any efficacy&#xD;
      in their combat, but have not yet proven adequate to stop the spread of the disease, nor are&#xD;
      there any approved vaccines at the moment. From experiments in plants ongoing infections by&#xD;
      RNA viruses, using thermotherapy, which is the application of heat at a temperature between&#xD;
      35-43 °C, the investigators know that raising the temperature affects the transcription of&#xD;
      viral proteins due to the formation of small RNA molecules that interrupt the replication&#xD;
      process by grouping in specific regions of the RNA molecule, preventing and inhibiting&#xD;
      transcription. These small molecules are called small interfering RNAs (siRNAs). This feature&#xD;
      has been used through thermotherapy in humans to combat the rapid replication of cells (i.e.&#xD;
      cancer cells), attack cells infected by RNA viruses, and in the treatment of some parasitic&#xD;
      infections.There are various commercially available devices for thermotherapy use in humans;&#xD;
      they are mainly being used to ease muscle pain. They work by increasing the temperature in&#xD;
      the range recommended for thermotherapy in humans 39-43 ° C. Therefore, the investigators&#xD;
      consider this treatment modality can be used to aid in the elimination of SARS-CoV-2 from the&#xD;
      human body, decreasing viral load, which could allow the immune system time for its control&#xD;
      and elimination.&#xD;
    </textblock>
  </brief_summary>
  <detailed_description>
    <textblock>
      Considering the nature of the causative agent of COVID-19, a (+)ssRNA virus, the&#xD;
      investigators propose the use of thermotherapy as a modality for viral containment, thereby&#xD;
      preventing the progression of the infection to severe cases. The investigators consider&#xD;
      applying the intervention with thermotherapy mainly as an adjuvant therapy in high-risk&#xD;
      patients. The most accessible thermotherapy delivery method the investigators have identified&#xD;
      is the use of an electric chest pad for its wide and known clinical use, including its&#xD;
      recommended use for patients with arthritis. The intensity of temperature delivered by the&#xD;
      electric cushion should be placed on the first level (lowest level), to avoid discomfort to&#xD;
      the patient. The electric cushion provides a continuous hour of regulated heat, with enough&#xD;
      penetration to raise the external temperature of the area to 40-42 ° C, a temperature range&#xD;
      at which facilitation of elimination of the virus is expected.&#xD;
    </textblock>
  </detailed_description>
  <overall_status>Recruiting</overall_status>
  <start_date type="Actual">August 27, 2020</start_date>
  <completion_date type="Anticipated">June 2022</completion_date>
  <primary_completion_date type="Anticipated">April 2022</primary_completion_date>
  <phase>N/A</phase>
  <study_type>Interventional</study_type>
  <has_expanded_access>No</has_expanded_access>
  <study_design_info>
    <allocation>Randomized</allocation>
    <intervention_model>Parallel Assignment</intervention_model>
    <intervention_model_description>The application of an electric chest pad. The use of an electric cushion was chosen because it is designed to be used in human thermal therapy. The electric cushion provides continuous 90 minutes of regulated heat, with enough penetration to raise the external temperature of the area to 40-42 ° C.&#xD;
It is a therapy designed to detain disease progression. It is not expected to have an effect on concomitant microorganisms such as bacteria or opportunists such as Candida albicans, so that when the concomitant infection is suspected, the antibiotic of choice should be given or continued, depending on the nature of the infection.</intervention_model_description>
    <primary_purpose>Treatment</primary_purpose>
    <masking>None (Open Label)</masking>
  </study_design_info>
  <primary_outcome>
    <measure>Progression of disease (composite outcome)</measure>
    <time_frame>28 days</time_frame>
    <description>Progression to any of the following:&#xD;
Severe COVID-19 - Patient with ≥1 of the following: tachypnea (≥30 breaths per minute), peripheral oxygen arterial saturation (SaO2) less than or equal to 93% (89% in Mexico City and Guadalajara) with a maximum 3 L/min of supplementary oxygen (patients requiring ≥4 L/min will be considered to have progressed to severe COVID-19), or PaO2/FiO2 ratio &lt;300.&#xD;
Critical COVID-19 - Patient with ARDS, shock, multiorgan failure, or any other condition requiring admission to an intensive care unit.&#xD;
Death</description>
  </primary_outcome>
  <secondary_outcome>
    <measure>Mortality at day 15</measure>
    <time_frame>15 days</time_frame>
    <description>Proportion of participants deceased by day 15 after enrollment</description>
  </secondary_outcome>
  <secondary_outcome>
    <measure>Mortality at day 28</measure>
    <time_frame>28 days</time_frame>
    <description>Proportion of participants deceased by day 28 after enrollment</description>
  </secondary_outcome>
  <secondary_outcome>
    <measure>Time to progression to severe COVID-19</measure>
    <time_frame>Up to 33 days</time_frame>
    <description>Days from symptom onset to progression to severe COVID-19</description>
  </secondary_outcome>
  <secondary_outcome>
    <measure>Time to progression to critical COVID-19</measure>
    <time_frame>Up to 33 days</time_frame>
    <description>Days from symptom onset to progression to critical COVID-19</description>
  </secondary_outcome>
  <secondary_outcome>
    <measure>Hospitalization time</measure>
    <time_frame>Up to 33 days</time_frame>
    <description>In-hospital stay in days</description>
  </secondary_outcome>
  <secondary_outcome>
    <measure>Percentage of participants at each clinical status in the Ordinal Scale at Day 15</measure>
    <time_frame>15 days</time_frame>
    <description>Ordinal scale of 7 categories: 1) Not hospitalized, without limitations on daily activities; 2) Not hospitalized, with limitations on daily activities; 3) Hospitalized, not requiring supplementary oxygen; 4) Hospitalized, requiring low-flow supplementary oxygen; 5) Hospitalized, requiring supplementary oxygen with high-flow nasal cannula or non-invasive ventilation; 6) Hospitalized, under invasive mechanical ventilation or extracorporeal membrane oxygenation (ECMO); 7) Death</description>
  </secondary_outcome>
  <secondary_outcome>
    <measure>Percentage of participants at each clinical status in the Ordinal Scale at Day 28</measure>
    <time_frame>28 days</time_frame>
    <description>Ordinal scale of 7 categories: 1) Not hospitalized, without limitations on daily activities; 2) Not hospitalized, with limitations on daily activities; 3) Hospitalized, not requiring supplementary oxygen; 4) Hospitalized, requiring low-flow supplementary oxygen; 5) Hospitalized, requiring supplementary oxygen with high-flow nasal cannula or non-invasive ventilation; 6) Hospitalized, under invasive mechanical ventilation or extracorporeal membrane oxygenation (ECMO); 7) Death</description>
  </secondary_outcome>
  <secondary_outcome>
    <measure>Time (days) to last requiring supplementary oxygen according to modality</measure>
    <time_frame>28 days</time_frame>
    <description>Modalities: 1) Simple nasal cannula or face mask; 2) Face mask with reservoir; 3) High-flow nasal cannula; 4) Non-invasive mechanical ventilation; 5) Invasive mechanical ventilation</description>
  </secondary_outcome>
  <secondary_outcome>
    <measure>Change in National Early Warning Score 2 (NEWS-2) with respect to baseline</measure>
    <time_frame>Days 1, 5, 15, and 28</time_frame>
    <description>Change in the National Early Warning Score 2 (NEWS-2) with respect to baseline (Day 1), measured at day 5 for all patients, and days 15 &amp; 28 only for patients that remain hospitalized.&#xD;
This score evaluates 7 parameters (respiratory rate, peripheral arterial oxygen saturation, supplementary oxygen requirements, systolic arterial blood pressure, heart rate, consciousness, and body temperature). Assigned values for every parameter may range from 0 to 3 points, except for supplementary oxygen for which possible values are 0 (not requiring supplementary oxygen) and 2 (requiring supplementary oxygen). The total sum of points for this score may range from 0 to 20 points. Higher scores reflect increasing clinical deterioration.</description>
  </secondary_outcome>
  <secondary_outcome>
    <measure>Proportion of patients requiring invasive mechanical ventilation</measure>
    <time_frame>28 days</time_frame>
    <description>Proportion of patients requiring invasive mechanical ventilation during the entire follow-up period</description>
  </secondary_outcome>
  <secondary_outcome>
    <measure>Proportion of patients requiring admission to intensive care unit (ICU)</measure>
    <time_frame>28 days</time_frame>
    <description>Proportion of patients requiring admission to intensive care unit (ICU) during the entire follow-up period</description>
  </secondary_outcome>
  <secondary_outcome>
    <measure>Time to requiring invasive mechanical ventilation</measure>
    <time_frame>Up to 33 days</time_frame>
    <description>Days from symptom onset to progression to requiring invasive mechanical ventilation</description>
  </secondary_outcome>
  <secondary_outcome>
    <measure>Time to requiring admission to intensive care unit (ICU)</measure>
    <time_frame>Up to 33 days</time_frame>
    <description>Days from symptom onset to requiring admission to intensive care unit (ICU)</description>
  </secondary_outcome>
  <secondary_outcome>
    <measure>Proportion of patients with adverse events according to outcome</measure>
    <time_frame>28 days</time_frame>
    <description>Severe: Causes death of the patient, puts the patient's life at risk in the moment of occurrence, requires hospitalization or prolongs hospitalization, causes persistent or significant disability.&#xD;
Non-severe adverse events: Do not meet the previously outlined criteria.</description>
  </secondary_outcome>
  <secondary_outcome>
    <measure>Proportion of patients with adverse events according to severity</measure>
    <time_frame>28 days</time_frame>
    <description>Mild (Grade 1): Present with easily tolerated signs and symptoms, do not need specific treatment, do not prolong hospitalization, nor require suspension of the intervention&#xD;
Moderate (Grade 2): Interfere with daily activities (school or work), do not directly threaten life, require specific pharmacological treatment, and do not necessarily require suspension of the intervention.&#xD;
Severe (Grades 3, 4, and 5): Interfere with daily activities (school and work), require pharmacological treatment and suspension of the intervention.</description>
  </secondary_outcome>
  <secondary_outcome>
    <measure>Proportion of patients with adverse events according to causality</measure>
    <time_frame>28 days</time_frame>
    <description>Certain&#xD;
Probable&#xD;
Possible&#xD;
Uncertain&#xD;
Unclassifiable</description>
  </secondary_outcome>
  <secondary_outcome>
    <measure>Proportion of patients tolerating the intervention (no comparison)</measure>
    <time_frame>5 days</time_frame>
    <description>Proportion of patients tolerating the intervention (number of sessions and minutes per session).</description>
  </secondary_outcome>
  <other_outcome>
    <measure>Comparison of laboratory parameters with respect to baseline (units: 10^3/microliter)</measure>
    <time_frame>Days 1, 5, 15, and 28</time_frame>
    <description>Change in laboratory parameters with respect to baseline (Day 1), measured at day 5 for all patients, and days 15 &amp; 28 only for patients that remain hospitalized.&#xD;
Parameters to be included are: total leucocytes, neutrophils, lymphocytes, monocytes, and platelets</description>
  </other_outcome>
  <other_outcome>
    <measure>Comparison of laboratory parameters with respect to baseline (units: milligrams/deciliter)</measure>
    <time_frame>Days 1, 5, 15, and 28</time_frame>
    <description>Change in laboratory parameters with respect to baseline (Day 1), measured at day 5 for all patients, and days 15 &amp; 28 only for patients that remain hospitalized.&#xD;
Parameters to be included are: glucose, urea, blood urea nitrogen, creatinine, total bilirubin, direct bilirubin, and indirect bilirubin.</description>
  </other_outcome>
  <other_outcome>
    <measure>Comparison of laboratory parameters with respect to baseline (units: grams/deciliter)</measure>
    <time_frame>Days 1, 5, 15, and 28</time_frame>
    <description>Change in laboratory parameters with respect to baseline (Day 1), measured at day 5 for all patients, and days 15 &amp; 28 only for patients that remain hospitalized.&#xD;
Parameters to be included are: hemoglobin, and albumin</description>
  </other_outcome>
  <other_outcome>
    <measure>Comparison of laboratory parameters with respect to baseline (units: milligrams/liter)</measure>
    <time_frame>Days 1, 5, 15, and 28</time_frame>
    <description>Change in laboratory parameters with respect to baseline (Day 1), measured at day 5 for all patients, and days 15 &amp; 28 only for patients that remain hospitalized.&#xD;
Parameters to be included are: C-reactive protein</description>
  </other_outcome>
  <other_outcome>
    <measure>Comparison of laboratory parameters with respect to baseline (units: nanograms/milliliter)</measure>
    <time_frame>Days 1, 5, 15, and 28</time_frame>
    <description>Change in laboratory parameters with respect to baseline (Day 1), measured at day 5 for all patients, and days 15 &amp; 28 only for patients that remain hospitalized.&#xD;
Parameters to be included are: D-dimer, and procalcitonin</description>
  </other_outcome>
  <other_outcome>
    <measure>Comparison of laboratory parameters with respect to baseline (units: International Units/liter)</measure>
    <time_frame>Days 1, 5, 15, and 28</time_frame>
    <description>Change in laboratory parameters with respect to baseline (Day 1), measured at day 5 for all patients, and days 15 &amp; 28 only for patients that remain hospitalized.&#xD;
Parameters to be included are: aspartate aminotransferase (AST), alanine aminotransferase (ALT), lactate dehydrogenase (LDH), and creatinine phosphokinase (CPK).</description>
  </other_outcome>
  <other_outcome>
    <measure>Comparison of laboratory parameters with respect to baseline (ratio: no units)</measure>
    <time_frame>Days 1, 5, 15, and 28</time_frame>
    <description>Change in laboratory parameters with respect to baseline (Day 1), measured at day 5 for all patients, and days 15 &amp; 28 only for patients that remain hospitalized.&#xD;
Parameters to be included are: neutrophil-to-lymphocyte ratio, and international normalized ratio (INR).</description>
  </other_outcome>
  <other_outcome>
    <measure>Comparison of laboratory parameters with respect to baseline (units: percent)</measure>
    <time_frame>Days 1, 5, 15, and 28</time_frame>
    <description>Change in laboratory parameters with respect to baseline (Day 1), measured at day 5 for all patients, and days 15 &amp; 28 only for patients that remain hospitalized.&#xD;
Parameters to be included are: hematocrit</description>
  </other_outcome>
  <other_outcome>
    <measure>Comparison of laboratory parameters with respect to baseline (units: seconds)</measure>
    <time_frame>Days 1, 5, 15, and 28</time_frame>
    <description>Change in laboratory parameters with respect to baseline (Day 1), measured at day 5 for all patients, and days 15 &amp; 28 only for patients that remain hospitalized.&#xD;
Parameters to be included are: prothrombin time (PT), and partial thromboplastin time (PTT)</description>
  </other_outcome>
  <other_outcome>
    <measure>Comparison of laboratory parameters with respect to baseline (units: millimeters/hour)</measure>
    <time_frame>Days 1, 5, 15, and 28</time_frame>
    <description>Change in laboratory parameters with respect to baseline (Day 1), measured at day 5 for all patients, and days 15 &amp; 28 only for patients that remain hospitalized.&#xD;
Parameters to be included are: erythrocyte sedimentation rate (ESR)</description>
  </other_outcome>
  <other_outcome>
    <measure>Comparison of cytokine levels with respect to baseline</measure>
    <time_frame>Days 1, 5, 15, and 28</time_frame>
    <description>Change in cytokine levels with respect to baseline (Day 1), measured at day 5 for all patients, and days 15 &amp; 28 only for patients that remain hospitalized.</description>
  </other_outcome>
  <number_of_arms>2</number_of_arms>
  <enrollment type="Anticipated">274</enrollment>
  <condition>COVID-19</condition>
  <condition>Thermotherapy</condition>
  <arm_group>
    <arm_group_label>Thermotherapy</arm_group_label>
    <arm_group_type>Experimental</arm_group_type>
    <description>Electric heat pad applied in the thorax for 90 minutes, twice daily, for 5 days.&#xD;
+ Usual in-hospital care</description>
  </arm_group>
  <arm_group>
    <arm_group_label>Control</arm_group_label>
    <arm_group_type>No Intervention</arm_group_type>
    <description>Usual in-hospital care</description>
  </arm_group>
  <intervention>
    <intervention_type>Device</intervention_type>
    <intervention_name>Electric pad for human external pain therapy</intervention_name>
    <description>An electric pad for local heat production will be put on the back of the patient for two hours</description>
    <arm_group_label>Thermotherapy</arm_group_label>
  </intervention>
  <eligibility>
    <criteria>
      <textblock>
        Inclusion Criteria:&#xD;
&#xD;
          1. Patient with symptoms of COVID-19 (fever, headache, cough, sore throat, myalgias,&#xD;
             arthralgias, shortness of breath, anosmia, fatigue, diarrhea, vomit, or&#xD;
             conjunctivitis) meeting criteria for mild or moderate COVID-19 according to the&#xD;
             following criteria:&#xD;
&#xD;
               1. Mild COVID-19: With or without mild pneumonia. Peripheral oxygen arterial&#xD;
                  saturation (SaO2) greater than or equal to 94% (90% in Mexico City and&#xD;
                  Guadalajara) at room air. Does not meet criteria of moderate, severe, or critical&#xD;
                  COVID-19.&#xD;
&#xD;
               2. Moderate COVID-19: Patient with pneumonia and risk factors for disease&#xD;
                  progression; meeting all the following: Shortness of breath, peripheral oxygen&#xD;
                  arterial saturation (SaO2) greater than or equal to 94% (90% in Mexico City and&#xD;
                  Guadalajara) with a maximum 3 L/min of supplementary oxygen, does not meet&#xD;
                  criteria for severe, or critical COVID-19.&#xD;
&#xD;
          2. Patient with less than or equal to 5 days from symptom onset&#xD;
&#xD;
          3. Participant understands the intervention and procedures and accepts randomization.&#xD;
&#xD;
        Exclusion Criteria:&#xD;
&#xD;
          1. Suspected or confirmed pregnancy at evaluation&#xD;
&#xD;
          2. Severe decompensation of any of the patient's underlying diseases&#xD;
&#xD;
          3. Previous diagnosis of COVID-19 with complete resolution of symptoms for at least 2&#xD;
             days.&#xD;
&#xD;
          4. Patients meeting criteria for severe or critical COVID-19 at evaluation:&#xD;
&#xD;
               1. Severe COVID-19 - Patient with ≥1 of the following: tachypnea (≥30 breaths per&#xD;
                  minute), peripheral oxygen arterial saturation (SaO2) less than or equal to 93%&#xD;
                  (89% in Mexico City and Guadalajara) with a maximum 3 L/min of supplementary&#xD;
                  oxygen (patients requiring ≥4 L/min will be considered to have progressed to&#xD;
                  severe COVID-19), or PaO2/FiO2 ratio &lt;300.&#xD;
&#xD;
               2. Critical COVID-19 - Patient with ARDS, shock, multiorgan failure, or any other&#xD;
                  condition requiring admission to an intensive care unit.&#xD;
&#xD;
        Elimination Criteria:&#xD;
&#xD;
          1. Participant retires consent to participate in the study&#xD;
&#xD;
          2. Patient requiring ≥4 L/min of supplementary oxygen in the 24 hours of hospitalization&#xD;
             (in the case that randomization occurred in the first 24 hours of hospitalization)&#xD;
&#xD;
          3. Two negative tests against SARS-CoV-2 (a sequential diagnostic strategy will be&#xD;
             implemented to reduce losses due to false negative tests).&#xD;
&#xD;
          4. Patient that do not tolerate thermotherapy and requests to stop receiving the&#xD;
             intervention.&#xD;
&#xD;
          5. Transfer to another medical unit in the first 5 days of inclusion in the study.&#xD;
      </textblock>
    </criteria>
    <gender>All</gender>
    <minimum_age>18 Years</minimum_age>
    <maximum_age>N/A</maximum_age>
    <healthy_volunteers>No</healthy_volunteers>
  </eligibility>
  <overall_official>
    <last_name>Norma del Carmen Galindo Sevilla, PhD</last_name>
    <role>Principal Investigator</role>
    <affiliation>Instituto Nacional de Perinatología</affiliation>
  </overall_official>
  <overall_official>
    <last_name>Javier Mancilla-Galindo, MBBS</last_name>
    <role>Study Director</role>
    <affiliation>Instituto Nacional de Cardiología</affiliation>
  </overall_official>
  <overall_contact>
    <last_name>Norma del Carmen Galindo Sevilla, PhD</last_name>
    <phone>+525539968217</phone>
    <email>ngalindosevilla@gmail.com</email>
  </overall_contact>
  <overall_contact_backup>
    <last_name>Javier Mancilla-Galindo, MBBS</last_name>
    <email>javimangal@gmail.com</email>
  </overall_contact_backup>
  <location>
    <facility>
      <name>Hospital Dr. Ángel Leaño</name>
      <address>
        <city>Guadalajara</city>
        <state>Jalisco</state>
        <zip>45200</zip>
        <country>Mexico</country>
      </address>
    </facility>
    <status>Recruiting</status>
    <contact>
      <last_name>Juan Pablo Cuellar Robledo, MD</last_name>
    </contact>
    <contact_backup>
      <last_name>Alfonso Gutiérrez Padilla, MD</last_name>
    </contact_backup>
    <investigator>
      <last_name>Juan Pablo Cuellar Robledo, MD</last_name>
      <role>Principal Investigator</role>
    </investigator>
    <investigator>
      <last_name>Alfonso Gutiérrez Padilla, MD</last_name>
      <role>Sub-Investigator</role>
    </investigator>
  </location>
  <location>
    <facility>
      <name>Hospital Regional de Alta Especialidad &quot;Dr. Juan Graham Casasus&quot;</name>
      <address>
        <city>Villahermosa</city>
        <state>Tabasco</state>
        <zip>86126</zip>
        <country>Mexico</country>
      </address>
    </facility>
    <status>Recruiting</status>
    <contact>
      <last_name>Julio César Robledo Pascual, MD</last_name>
      <email>jrobledopascual@yahoo.com</email>
    </contact>
    <contact_backup>
      <last_name>Víctor Manuel Narváez Osorio, MD</last_name>
      <email>vnarvaezosorio@hotmail.com</email>
    </contact_backup>
    <investigator>
      <last_name>Julio César Robledo Pascual, MD</last_name>
      <role>Principal Investigator</role>
    </investigator>
    <investigator>
      <last_name>Víctor Manuel Narváez Osorio, MD</last_name>
      <role>Sub-Investigator</role>
    </investigator>
    <investigator>
      <last_name>Iván Daniel Narváez Morales, MBBS</last_name>
      <role>Sub-Investigator</role>
    </investigator>
  </location>
  <location>
    <facility>
      <name>Unidad Temporal Movil COVID-19 Autódromo Hermanos Rodríguez IMSS</name>
      <address>
        <city>Mexico City</city>
        <zip>08400</zip>
        <country>Mexico</country>
      </address>
    </facility>
    <status>Recruiting</status>
    <contact>
      <last_name>Javier Michael García Acosta, MD</last_name>
      <email>michxal1@gmail.com</email>
    </contact>
    <contact_backup>
      <last_name>Yanira Saralee Nava Serrano, MD, MSc</last_name>
      <email>male.sevilla.25@gmail.com</email>
    </contact_backup>
    <investigator>
      <last_name>Javier Michael García Acosta, MD</last_name>
      <role>Principal Investigator</role>
    </investigator>
    <investigator>
      <last_name>Yanira Saralee Nava Serrano, MD, MSc</last_name>
      <role>Sub-Investigator</role>
    </investigator>
    <investigator>
      <last_name>Óscar Santiago Martínez, MSc</last_name>
      <role>Sub-Investigator</role>
    </investigator>
  </location>
  <location_countries>
    <country>Mexico</country>
  </location_countries>
  <reference>
    <citation>Liu J, Zhang X, Zhang F, Hong N, Wang G, Wang A, Wang L. Identification and characterization of microRNAs from in vitro-grown pear shoots infected with Apple stem grooving virus in response to high temperature using small RNA sequencing. BMC Genomics. 2015 Nov 16;16:945. doi: 10.1186/s12864-015-2126-8.</citation>
    <PMID>26573813</PMID>
  </reference>
  <reference>
    <citation>Wang MR, Cui ZH, Li JW, Hao XY, Zhao L, Wang QC. In vitro thermotherapy-based methods for plant virus eradication. Plant Methods. 2018 Oct 6;14:87. doi: 10.1186/s13007-018-0355-y. eCollection 2018. Review.</citation>
    <PMID>30323856</PMID>
  </reference>
  <reference>
    <citation>Zhu LL, Gao XH, Qi R, Hong Y, Li X, Wang X, McHepange UO, Zhang L, Wei H, Chen HD. Local hyperthermia could induce antiviral activity by endogenous interferon-dependent pathway in condyloma acuminata. Antiviral Res. 2010 Nov;88(2):187-92. doi: 10.1016/j.antiviral.2010.08.012. Epub 2010 Aug 24.</citation>
    <PMID>20797409</PMID>
  </reference>
  <verification_date>November 2020</verification_date>
  <study_first_submitted>April 23, 2020</study_first_submitted>
  <study_first_submitted_qc>April 23, 2020</study_first_submitted_qc>
  <study_first_posted type="Actual">April 27, 2020</study_first_posted>
  <last_update_submitted>November 3, 2020</last_update_submitted>
  <last_update_submitted_qc>November 3, 2020</last_update_submitted_qc>
  <last_update_posted type="Actual">November 5, 2020</last_update_posted>
  <responsible_party>
    <responsible_party_type>Principal Investigator</responsible_party_type>
    <investigator_affiliation>Instituto Nacional de Perinatologia</investigator_affiliation>
    <investigator_full_name>Norma del Carmen Galindo-Sevilla</investigator_full_name>
    <investigator_title>Principal Investigator</investigator_title>
  </responsible_party>
  <keyword>SARS-CoV-2</keyword>
  <keyword>Hyperthermia</keyword>
  <patient_data>
    <sharing_ipd>Undecided</sharing_ipd>
  </patient_data>
  <!-- Results have not yet been posted for this study                                          -->
</clinical_study>

