<?xml version="1.0" encoding="UTF-8"?>
<clinical_study rank="4321">
  <!-- This xml conforms to an XML Schema at:
    https://clinicaltrials.gov/ct2/html/images/info/public.xsd -->
  <required_header>
    <download_date>ClinicalTrials.gov processed this data on April 23, 2021</download_date>
    <link_text>Link to the current ClinicalTrials.gov record.</link_text>
    <url>https://clinicaltrials.gov/show/NCT04847596</url>
  </required_header>
  <id_info>
    <org_study_id>COMB157GUS18</org_study_id>
    <nct_id>NCT04847596</nct_id>
  </id_info>
  <brief_title>A Multicenter Study to Assess Response to COVID-19 Vaccine in Multiple Sclerosis Participants Treated With Ofatumumab</brief_title>
  <official_title>An Open-label Multicenter Single-arm Pilot Study to Assess Immune Response to COVID-19 Vaccine in Participants With Relapsing Multiple Sclerosis Treated With Ofatumumab 20 mg Subcutaneously</official_title>
  <sponsors>
    <lead_sponsor>
      <agency>Novartis Pharmaceuticals</agency>
      <agency_class>Industry</agency_class>
    </lead_sponsor>
  </sponsors>
  <source>Novartis</source>
  <oversight_info>
    <has_dmc>No</has_dmc>
  </oversight_info>
  <brief_summary>
    <textblock>
      This is a single arm, pilot multicenter prospective study in up to 22 participants with&#xD;
      relapsing multiple sclerosis. Patients screened for the study can either be scheduled for&#xD;
      vaccine, have received a single vaccine with a scheduled second dose, or already completed&#xD;
      full course (two dose) vaccination. Fully vaccinated participants must be able to complete&#xD;
      immune assay No.1 ≥ 14 days and &lt; 45 days after the second dose of vaccine&#xD;
    </textblock>
  </brief_summary>
  <overall_status>Not yet recruiting</overall_status>
  <start_date type="Anticipated">April 15, 2021</start_date>
  <completion_date type="Anticipated">September 30, 2021</completion_date>
  <primary_completion_date type="Anticipated">September 30, 2021</primary_completion_date>
  <study_type>Observational</study_type>
  <has_expanded_access>No</has_expanded_access>
  <study_design_info>
    <observational_model>Cohort</observational_model>
    <time_perspective>Prospective</time_perspective>
  </study_design_info>
  <primary_outcome>
    <measure>Achieving immune response - immune assay No. 1</measure>
    <time_frame>14 to 45 days after full course vaccination (two doses)</time_frame>
    <description>Achieving immune response as defined by a positive SARS-CoV-2 qualitative IgG antibody assay. (yes/no)</description>
  </primary_outcome>
  <secondary_outcome>
    <measure>Achieving immune response - immune assay No. 2</measure>
    <time_frame>90 days after full course vaccination (two doses)</time_frame>
    <description>Achieving immune response as defined by a positive SARS-CoV-2 qualitative IgG antibody assay 90 days after full course. (yes/no)</description>
  </secondary_outcome>
  <secondary_outcome>
    <measure>Adverse events/serious adverse events</measure>
    <time_frame>120 days after full course vaccination</time_frame>
    <description>An adverse event (AE) is any untoward medical occurrence (e.g. any unfavorable and unintended sign [including abnormal laboratory findings], symptom or disease) in a clinical investigation participant after providing written informed consent for participation in the study.&#xD;
Therefore, an AE may or may not be temporally or causally associated with the use of a medicinal (investigational) product.</description>
  </secondary_outcome>
  <number_of_groups>1</number_of_groups>
  <enrollment type="Anticipated">22</enrollment>
  <condition>Relapsing Multiple Sclerosis</condition>
  <arm_group>
    <arm_group_label>participants with RMS treated with ofatumumab</arm_group_label>
    <description>Relapsing MS participants receiving a full course (two doses) of a COVID-19 mRNA vaccine after starting ofatumumab 20 mg subcutaneous treatment</description>
  </arm_group>
  <intervention>
    <intervention_type>Other</intervention_type>
    <intervention_name>Ofatumumab</intervention_name>
    <description>Prospective observational cohort study. There is no treatment allocation. Patients administered Ofatumumab by prescription that have started before inclusion of the patient into the study will be enrolled.</description>
    <arm_group_label>participants with RMS treated with ofatumumab</arm_group_label>
  </intervention>
  <intervention>
    <intervention_type>Other</intervention_type>
    <intervention_name>Covid-19 vaccine</intervention_name>
    <description>Prospective observational cohort study. There is no treatment allocation. Participants will obtain the COVID-19 FDA approved Emergency Use mRNA vaccine through their HCP (private insurance) or appropriate federal, state or local program.</description>
    <arm_group_label>participants with RMS treated with ofatumumab</arm_group_label>
  </intervention>
  <eligibility>
    <study_pop>
      <textblock>
        Relapsing MS participants receiving a full course (two doses) of a COVID-19 mRNA vaccine&#xD;
        after starting ofatumumab 20 mg subcutaneous treatment&#xD;
      </textblock>
    </study_pop>
    <sampling_method>Non-Probability Sample</sampling_method>
    <criteria>
      <textblock>
        Inclusion Criteria:&#xD;
&#xD;
          1. Signed informed consent must be obtained prior to participation in the study&#xD;
&#xD;
          2. Age 18-55 years old inclusive at Screening&#xD;
&#xD;
          3. Diagnosis of relapsing MS by 2017 revised McDonald criteria&#xD;
&#xD;
          4. Must be willing to comply with the study schedule&#xD;
&#xD;
          5. Have received/scheduled vaccination with a FDA approved for emergency use COVID-19&#xD;
             mRNA vaccine (either Pfizer or Moderna) (i) either been scheduled for vaccine, (ii)&#xD;
             received a single vaccine with a scheduled second dose, or (iii) already completed&#xD;
             full course (two dose) vaccination.&#xD;
&#xD;
             Fully vaccinated must be able to complete immune assay No.1 no more than 44 days after&#xD;
             second dose of vaccine.&#xD;
&#xD;
          6. Currently receiving ofatumumab for the treatment of RMS (Preoftumumab serology with&#xD;
             Hepatitis B testing showing no active or latent infection, as well as serum IgG&#xD;
             results to be recorded in the database if available)&#xD;
&#xD;
        Exclusion Criteria:&#xD;
&#xD;
          1. Already has received a COVID-19 vaccine and more than 45 days passed since second&#xD;
             dose.&#xD;
&#xD;
          2. Known clinical diagnosis of COVID-19 prior to screening based on investigator's or&#xD;
             patient's personal physician's judgement&#xD;
&#xD;
          3. Has a contraindication to receiving an mRNA COVID-19 vaccine&#xD;
&#xD;
          4. Has an immediate allergic reaction to past vaccine or injection&#xD;
&#xD;
          5. Any safety finding including low IgG and/or low IgM levels requiring an ofatumumab&#xD;
             treatment interruption within the 12 weeks immediately prior to vaccination as&#xD;
             determined by the HCP&#xD;
&#xD;
          6. Any major episode of infection requiring hospitalization or treatment with intravenous&#xD;
             antibiotics within 2 weeks prior to the screening visit&#xD;
&#xD;
          7. Prior treatment with S1P agent within 2 months of study enrollment&#xD;
&#xD;
          8. Prior treatment with natalizumab within 6 months of study enrollment&#xD;
&#xD;
          9. Contraindications to ofatumumab treatment as per the USPI will be adhered to which&#xD;
             include active infection hepatitis B infection, progressive multifocal&#xD;
             leukoencephalopathy and pregnancy.&#xD;
&#xD;
         10. Participation in another interventional clinical trial within 14 days before&#xD;
             enrollment.&#xD;
&#xD;
         11. Have been treated with any of the medications as described in the full protocol&#xD;
&#xD;
         12. Women of child-bearing potential, defined as all women physiologically capable of&#xD;
             becoming pregnant, unless they are using highly effective methods of contraception&#xD;
             while taking study treatment and for 6 months after stopping medication&#xD;
      </textblock>
    </criteria>
    <gender>All</gender>
    <minimum_age>18 Years</minimum_age>
    <maximum_age>55 Years</maximum_age>
    <healthy_volunteers>No</healthy_volunteers>
  </eligibility>
  <overall_official>
    <last_name>Novartis Pharmaceuticals</last_name>
    <role>Study Director</role>
    <affiliation>Novartis Pharmaceuticals</affiliation>
  </overall_official>
  <overall_contact>
    <last_name>Novartis Pharmaceuticals</last_name>
    <phone>1-888-669-6682</phone>
    <email>novartis.email@novartis.com</email>
  </overall_contact>
  <overall_contact_backup>
    <last_name>Novartis Pharmaceuticals</last_name>
  </overall_contact_backup>
  <verification_date>April 2021</verification_date>
  <study_first_submitted>April 14, 2021</study_first_submitted>
  <study_first_submitted_qc>April 14, 2021</study_first_submitted_qc>
  <study_first_posted type="Actual">April 19, 2021</study_first_posted>
  <last_update_submitted>April 14, 2021</last_update_submitted>
  <last_update_submitted_qc>April 14, 2021</last_update_submitted_qc>
  <last_update_posted type="Actual">April 19, 2021</last_update_posted>
  <responsible_party>
    <responsible_party_type>Sponsor</responsible_party_type>
  </responsible_party>
  <keyword>COVID-19</keyword>
  <keyword>vaccine</keyword>
  <keyword>ofatumumab</keyword>
  <keyword>SARS-coV2</keyword>
  <keyword>antibody</keyword>
  <keyword>open-label</keyword>
  <condition_browse>
    <!-- CAUTION:  The following MeSH terms are assigned with an imperfect algorithm            -->
    <mesh_term>Multiple Sclerosis</mesh_term>
    <mesh_term>Sclerosis</mesh_term>
  </condition_browse>
  <intervention_browse>
    <!-- CAUTION:  The following MeSH terms are assigned with an imperfect algorithm            -->
    <mesh_term>Ofatumumab</mesh_term>
  </intervention_browse>
  <patient_data>
    <sharing_ipd>No</sharing_ipd>
  </patient_data>
  <!-- Results have not yet been posted for this study                                          -->
</clinical_study>

